English,PSA_Probability
Kenya: Emergency Appeal - Key Achievements (April - September 2020),0.8846
Kenya Emergency Appeal (April - September 2020),0.9022
Kenya: Main health facilities and population density (March 2020),0.953
Kenya: A humanitarian emergency May 2017 - Responding to the needs of those affected by the ongoing emergency in Kenya,0.9441
Emergency Humanitarian Response Plan for Kenya 2013,0.851
Kenya Emergency Response Fund Annual Report 2011,0.9144
Kenya Emergency Humanitarian Response Plan 2012+,0.851
"Fuel Spill and Fire - Rapid Environmental Emergency Assessment, Mukuru-Sinai slum, Nairobi Kenya",0.932
2011+ Kenya Emergency Humanitarian Response Plan Drought and Food Security Projects,0.9002
Kenya Emergency Response Fund Report 2010,0.9455
Kenya: Short Rains Assessment Intervention Needs in the Health and Nutrition Sector (as of 26 Apr 2011),0.9375
Kenya: Early Warning on Floods and Landslides Vol. 1,0.8528
Kenya: Cholera Outbreak - East Pokot/Turkana Sitrep No.1,0.853
Cholera Outbreak in Kenya - Up to 15 May 2009,0.8752
Kenya EHRP 2009 Project - Child Protection,0.8961
Kenya EHRP 2009 Projects - Health,0.9628
2009 Emergency Humanitarian Response Plan for Kenya (Revised),0.851
UN Emergency Relief Coordinator to travel to Kenya,0.8894
Kenya: Drought/Food Security Crisis OCHA Situation Report No. 1 Corrigendum,0.9109
UN Inter-Agency Donor Alert for the Drought in Kenya,0.8613
