Source_PDF,English,PSA_Probability
bulk_notice_35_Press-release-Cash-Accrual.pdf,"As the complexity of public finances grows, these limitations become more pronounced.",0.9793
bulk_notice_34_Press-release-Cash-Accrual_0.pdf,"As the complexity of public finances grows, these limitations become more pronounced.",0.9793
bulk_notice_18_2024-Budget-Statement-for-the-FY-2024-25F.pdf,Thank You and May God Bless Kenya.,0.9727
bulk_notice_36_VIRTUAL-ASSET-SERVICE-PROVIDERS-BILL-2024.pdf,"The relevant regulatory authorities shall, in exercising their powers and in performing their functions under this Act, be guided by the following principles— (a) to ensure financial stability in Kenya; (b) to ensure market integrity in Kenya; (c) to foster innovation and maintain fairness, transparency and efficiency in the virtual assets sector in Kenya; and (d) to prevent, detect and restrain conduct that causes or may cause damage to the financial reputation of Kenya.",0.9689
bulk_notice_29_Public-Notice-Legislative-Reforms-for-the-improvement-of-the-economic-situation.pdf,"310833 NAIROBI Telephone: 2252299 PUBLIC NOTICE INVITATION FOR SUBMISSIONS ON LEGISLATIVE REFORMS FOR IMPROVEMENT OF THE CURRENT ECONOMIC SITUATION WHEREAS Article 43 of the Constitution confers all persons with economic and social rights to healthcare, housing, water, sanitation, education , adequate food and social security; WHEREAS Article 174 of the Constitution provides for the objects of devolution which include to promote social and economic development, provision of services and to ensure equitable sharing of national and local resources throughout Kenya; AND WHEREAS Article 201(a) of the Constitution on the principles of public finance requires that there should be openness and accountability, including public participation, in financial matters; FURTHER WHEREAS Article 232(1)(d) of the Constitution requires involvement of the people in the process of policy making; NOTING section 35(2) of the Public Finance Management Act (Cap.",0.9609
bulk_notice_18_2024-Budget-Statement-for-the-FY-2024-25F.pdf,"Speaker , the Government will also undertake the following targeted strategic interventions to support economic transformation: ▪ First, continue to maintain macroeconomic stability and enhance security to foster a secure and conducive business environment 22 and protection of Kenyans and their properties; ▪ Second, scale up development of critical infrastructure in the country such as roads, rail, air and sea ports, energy and water to reduce the cost of doing business and ease movement of people and goods as well as promote competitiveness; ▪ Third, enhance investment in key economic sectors for broad based sustainable growth by promoting agricultural transformation, growth in manufacturing, environmental conservation and climate change mitigation, stimulating growth in tourism, and sustainable land use and management; ▪ Fourth, enhance human capital development through investment in health, 23 education and appropriate social safety nets for the vulnerable population for improved social and economic outcomes; ▪ Fifth, support the youth, women and persons living with disability through Government funded empowerment programs that leverage on partnerships with private sector organizations; ▪ Sixth, support County Governments through transfer of sharable revenues to strengthen their systems and capacity in service delivery; and, ▪ Lastly, implement various policy, legal and institutional reforms to enhance efficiency in public service delivery.",0.9585
bulk_notice_17_Budget-Highlights-The-Mwananchi-Guide-for-the-FY-2024-25-Budget.pdf,"This includes: Ksh 67.4 billion Affordable and Social Housing & Social Physical Infrastructure; Ksh 11.3 billion Kenya Informal Settlement Improvement Project-Phase II; Ksh 1.1 billion Construction of Markets; Ksh 1.0 billion Construction of Housing Units for National Police and Kenya Prisons; Ksh 876 million Maintenance of Government Pool Houses; Ksh 496 million Construction of Foot Bridges; and Ksh 444 million Construction of County Headquarters To deliver Universal Health Coverage, the Government embarked on various interventions to: i) provide fully public financed primary health care system, an emergency care fund and health insurance fund that covers all Kenyans, ii) install digital health management information system, iii) set up a Fund for improving health facilities; iv) set up an Emergency Medical Treatment Fund, iv) establish a National Insurance Fund that covers all Kenyans, and v) avail medical staff who would deliver Universal Health Coverage.",0.9578
bulk_notice_1_THE-NATIONAL-TREASURY-AND-ECONOMIC-PLANNING-DRAFT-CREDIT-GUARANTEE-POLICY-2024.pdf,"Som e of these initiatives include: the Kenya Youth Employment and Opportunities Project (KYEOP); the Stawisha SME Mashinani initiative; County Governments enterprise funds ; incubation, innovation and common user facilities through organizations like Kenya Industrial, Research and Development Institute (KIRDI), Kenya Industrial Estates (KIE), Kenya Bureau of Standards (KEBS); and Mi cro Small Enterprises Authority (MSEA).",0.9447
bulk_notice_22_Schedule-of-Submission-by-the-General-Public-.pdf,Kenya Plant Health Inspectorate Services 21.08.2024 9:30 a.m.,0.9409
bulk_notice_18_2024-Budget-Statement-for-the-FY-2024-25F.pdf,"Speaker, to support infrastructure development and ensure safe learning in our schools, I have proposed an allocation of: Ksh 3.2 76 billion for Primary and Secondary Schools’ infrastructure; Ksh 1 billion for construction of class rooms for Junior Secondary Schools ; and Ksh 2.3 billion for construction and equipping of Technical Training Institutes and Vocational Training Centres.",0.9407
bulk_notice_31_Draft-2024-Budget-Review-and-Outlook-Paper.pdf,"As at the period ending 30 th June, 2024, recurrent expenditures by the State Department for Basic Education, Higher Education and Research; Teachers Service Commission; Vocational and Technical Training; Public Health and Professional Standards; labour and Skills Development; correctional service; Youth Affairs and Arts; and Sports; Social Protection and Senior Citizens; Immigration and Citizen Services and Medical Services (Social Sector) accounted for 47.9 percent of total recurrent expenditure.",0.9403
bulk_notice_24_Draft-2024-Budget-Review-and-Outlook-Paper_0.pdf,"As at the period ending 30 th June, 2024, recurrent expenditures by the State Department for Basic Education, Higher Education and Research; Teachers Service Commission; Vocational and Technical Training; Public Health and Professional Standards; labour and Skills Development; correctional service; Youth Affairs and Arts; and Sports; Social Protection and Senior Citizens; Immigration and Citizen Services and Medical Services (Social Sector) accounted for 47.9 percent of total recurrent expenditure.",0.9403
bulk_notice_24_Draft-2024-Budget-Review-and-Outlook-Paper_0.pdf,"First, the Government continues to address fiscal risks associated with public debt, maintaining sustainable levels to avoid undue pressure on public finances.",0.939
bulk_notice_31_Draft-2024-Budget-Review-and-Outlook-Paper.pdf,"First, the Government continues to address fiscal risks associated with public debt, maintaining sustainable levels to avoid undue pressure on public finances.",0.939
bulk_notice_8_PUBLIC-NOTICE%203.pdf,"In line with Articles 232(1)(d) of the Constitution, the National Treasury hereby invites procurement practitioners, members of the public, national and county governments, non-governmental organizations and civil societies, private sector players and stakeholders to submit comments, views and memoranda on the proposed areas for review of the Act with a view to enhance fairness, transparency, competitiveness, cost- effectiveness and eradicate avenues of corruption, conflict of interest and abuse of office in the public sector public procurement as required in Article 227 of the Constitution, all geared towards obtaining value for money.",0.9361
bulk_notice_33_PUBLIC-NOTICE%202.pdf,"In line with Articles 232(1)(d) of the Constitution, the National Treasury hereby invites procurement practitioners, members of the public, national and county governments, non-governmental organizations and civil societies, private sector players and stakeholders to submit comments, views and memoranda on the proposed areas for review of the Act with a view to enhance fairness, transparency, competitiveness, cost- effectiveness and eradicate avenues of corruption, conflict of interest and abuse of office in the public sector public procurement as required in Article 227 of the Constitution, all geared towards obtaining value for money.",0.9361
bulk_notice_31_Draft-2024-Budget-Review-and-Outlook-Paper.pdf,"iii) To ensure effective, efficient and economic use of public resources allocated in FY 2023/24 25.",0.9354
bulk_notice_24_Draft-2024-Budget-Review-and-Outlook-Paper_0.pdf,"iii) To ensure effective, efficient and economic use of public resources allocated in FY 2023/24 25.",0.9354
bulk_notice_1_THE-NATIONAL-TREASURY-AND-ECONOMIC-PLANNING-DRAFT-CREDIT-GUARANTEE-POLICY-2024.pdf,4.6 County Governments (i) Support capacity building of MSMEs within their jurisdiction; and (ii) Support formalization of MSMEs to enable them access guaranteed facilities.,0.9333
bulk_notice_18_2024-Budget-Statement-for-the-FY-2024-25F.pdf,The rollout to County Govermnments will commence thereafter.,0.9295
bulk_notice_31_Draft-2024-Budget-Review-and-Outlook-Paper.pdf,I also urge all SWGs to ensure engagement and open public and stakeholders’ participation and incorporation of their comments or suggestions in the development of sector priorities for the FY 2025/26 and the medium term budget.,0.9248
bulk_notice_24_Draft-2024-Budget-Review-and-Outlook-Paper_0.pdf,I also urge all SWGs to ensure engagement and open public and stakeholders’ participation and incorporation of their comments or suggestions in the development of sector priorities for the FY 2025/26 and the medium term budget.,0.9248
bulk_notice_24_Draft-2024-Budget-Review-and-Outlook-Paper_0.pdf,"These sectors include Agriculture, Roads and Transport, Urban Development and Housing, Energy, Water, Information, Communication Technologies (ICT), and Health.",0.9242
bulk_notice_31_Draft-2024-Budget-Review-and-Outlook-Paper.pdf,"These sectors include Agriculture, Roads and Transport, Urban Development and Housing, Energy, Water, Information, Communication Technologies (ICT), and Health.",0.9242
bulk_notice_18_2024-Budget-Statement-for-the-FY-2024-25F.pdf,"Aware that sustainable economic transformation is predicated on timely implementation of appropriate policy, legal and institutional reforms, I propose the following interventions that will improve business environment, increase efficiency in public service delivery and strengthen accountability and transparency in public finance management.",0.9239
bulk_notice_24_Draft-2024-Budget-Review-and-Outlook-Paper_0.pdf,The training focussed on: county budgeting process; Government Financial Statistics 2014; financial reporting; public procurement; and audit and compliance with fiscal responsibility principles.,0.9237
bulk_notice_31_Draft-2024-Budget-Review-and-Outlook-Paper.pdf,The training focussed on: county budgeting process; Government Financial Statistics 2014; financial reporting; public procurement; and audit and compliance with fiscal responsibility principles.,0.9237
bulk_notice_23_PUBLIC-NOTICE-DRAFT-GOVERNMENT-INVESTMENTS-REGULATION-2024-Qtr_1.pdf,"Pursuant to the provisions of the Constitution of Kenya and all other relevant legal requirements, the National Treasury invites members of the public to submit written comments and/or memoranda on the draft Government Investment Regulations 2024 in the format provided on the website, and send them to: giregulations@treasury.go.ke or, by hand delivery or by post to the following address on or before close of business on 30 th September 2024: Principal Secretary National Treasury P.O Box 30007 – 00100 NAIROBI Further, members of the public are invited to attend in-person public consultations on the Regulations at any of the venues indicated below that is convenient or as per the schedule below: THE NATIONAL TREASURY & ECONOMIC PLANNING DRAFT GOVERNMENT INVESTMENTS REGULATION, 2024 PUBLIC NOTICE HON.",0.9225
bulk_notice_30_PUBLIC-NOTICE-DRAFT-GOVERNMENT-INVESTMENTS-REGULATION-2024-Qtr_0.pdf,"Pursuant to the provisions of the Constitution of Kenya and all other relevant legal requirements, the National Treasury invites members of the public to submit written comments and/or memoranda on the draft Government Investment Regulations 2024 in the format provided on the website, and send them to: giregulations@treasury.go.ke or, by hand delivery or by post to the following address on or before close of business on 30 th September 2024: Principal Secretary National Treasury P.O Box 30007 – 00100 NAIROBI Further, members of the public are invited to attend in-person public consultations on the Regulations at any of the venues indicated below that is convenient or as per the schedule below: THE NATIONAL TREASURY & ECONOMIC PLANNING DRAFT GOVERNMENT INVESTMENTS REGULATION, 2024 PUBLIC NOTICE HON.",0.9225
bulk_notice_31_Draft-2024-Budget-Review-and-Outlook-Paper.pdf,"Once operationalized, this will ensure accountability and transparency in OSR management and standardization of financial reporting in government.",0.9201
bulk_notice_24_Draft-2024-Budget-Review-and-Outlook-Paper_0.pdf,"Once operationalized, this will ensure accountability and transparency in OSR management and standardization of financial reporting in government.",0.9201
bulk_notice_16_7.05.-2024-National-Tax-Policy.pdf,Article 201 of the Constitution requires transparency and public participation in preparation of policies that affects the public.,0.9199
bulk_notice_7_7.05.-2024-National-Tax-Policy_0.pdf,Article 201 of the Constitution requires transparency and public participation in preparation of policies that affects the public.,0.9199
bulk_notice_1_THE-NATIONAL-TREASURY-AND-ECONOMIC-PLANNING-DRAFT-CREDIT-GUARANTEE-POLICY-2024.pdf,"3.3 Interventions to Address Information Asymmetry To address information asymmetry between lenders and MSMEs for ease of access to credit, the Government will: (i) Establishment of MSME outreach centres; (ii) Support in building capacity of MSMEs to encourage their formalization; (iii) Create a database for all MSMEs; (iv) Strengthen credit information sharing mechanisms; (v) Support harmonization of business registration requirements in all Counties; and (vi) Support digitization of MSME business registration services and integration with FIs.",0.9198
bulk_notice_18_2024-Budget-Statement-for-the-FY-2024-25F.pdf,"Five, reviewing insurance schemes (Edu Afya, Indigents, Public Service, Police and Prisons, Commissions and Independent Offices) under the Universal Health Coverage and align them to the Social Health Insurance Fund; vi.",0.9169
bulk_notice_23_PUBLIC-NOTICE-DRAFT-GOVERNMENT-INVESTMENTS-REGULATION-2024-Qtr_1.pdf,"CPA JOHN MBADI NG’ONGO, EGH CABINET SECRETARY REGION VENUE DATE TIME Nyeri, Murang’a, Kirinyaga, Laikipia, Meru, Embu, Tharaka-Nithi, Isiolo, Marsabit and Samburu Embu: Kenya School Govern- ment (KSG) 23 rd September 2024 9am – 1pm Nakuru, Baringo, Uasin Gishu, Elgeyo Marakwet, Nandi, West Pokot, Turkana and Trans-Nzoia Eldoret: Town Hall 23 rd September 2024 9am – 1pm Mombasa, Kwale, Kilifi, Lamu, Tana River, Taita Taveta Mombasa: Kenya School Government (KSG) 23 rd September 2024 9am – 1pm Kisumu, Kisii, Migori, Homa Bay, Nyamira, Siaya, Vihiga, Bungoma, Kakamega, Busia, Bomet, Kericho and Narok Kisumu: Tom Mboya Labour College 25 th September 2024 9am – 1pm Garissa, Wajir and Mandera Garissa: Guest House 25th September 2024 9am – 1pm Nairobi, Kiambu, Kajiado, Wajir, Mandera Nairobi: Kenya School Government (KSG) 30 th September 2024 9am – 1pm",0.9158
bulk_notice_30_PUBLIC-NOTICE-DRAFT-GOVERNMENT-INVESTMENTS-REGULATION-2024-Qtr_0.pdf,"CPA JOHN MBADI NG’ONGO, EGH CABINET SECRETARY REGION VENUE DATE TIME Nyeri, Murang’a, Kirinyaga, Laikipia, Meru, Embu, Tharaka-Nithi, Isiolo, Marsabit and Samburu Embu: Kenya School Govern- ment (KSG) 23 rd September 2024 9am – 1pm Nakuru, Baringo, Uasin Gishu, Elgeyo Marakwet, Nandi, West Pokot, Turkana and Trans-Nzoia Eldoret: Town Hall 23 rd September 2024 9am – 1pm Mombasa, Kwale, Kilifi, Lamu, Tana River, Taita Taveta Mombasa: Kenya School Government (KSG) 23 rd September 2024 9am – 1pm Kisumu, Kisii, Migori, Homa Bay, Nyamira, Siaya, Vihiga, Bungoma, Kakamega, Busia, Bomet, Kericho and Narok Kisumu: Tom Mboya Labour College 25 th September 2024 9am – 1pm Garissa, Wajir and Mandera Garissa: Guest House 25th September 2024 9am – 1pm Nairobi, Kiambu, Kajiado, Wajir, Mandera Nairobi: Kenya School Government (KSG) 30 th September 2024 9am – 1pm",0.9158
bulk_notice_22_Schedule-of-Submission-by-the-General-Public-.pdf,Agriculture and Food Authority 20.08.2024 2.00 p.m.,0.9129
bulk_notice_1_THE-NATIONAL-TREASURY-AND-ECONOMIC-PLANNING-DRAFT-CREDIT-GUARANTEE-POLICY-2024.pdf,15 2.1 Historical MSME access to credit in Kenya .......................................................................................,0.9105
bulk_notice_17_Budget-Highlights-The-Mwananchi-Guide-for-the-FY-2024-25-Budget.pdf,Installed solar panels on health centers to provide reliable access to electricity.,0.9101
bulk_notice_1_THE-NATIONAL-TREASURY-AND-ECONOMIC-PLANNING-DRAFT-CREDIT-GUARANTEE-POLICY-2024.pdf,(xi) Support MSMEs to participate in the value chain by promoting market access.,0.909
bulk_notice_1_THE-NATIONAL-TREASURY-AND-ECONOMIC-PLANNING-DRAFT-CREDIT-GUARANTEE-POLICY-2024.pdf,2.3 Interventions to address access to credit Interventions to address access to credit in Kenya were initiated in the 1960s when the Government implemented the Guaranteed Minimum Returns Scheme (GMRs) for selected cash crop farmers.,0.9083
bulk_notice_37_Public-Notice-Wildlife-Conversation-Fund-final.pdf,2 of 2023 on the Organization of Government of the Republic of Kenya.,0.9063
bulk_notice_22_Schedule-of-Submission-by-the-General-Public-.pdf,Kenya Bureau of Standards 22.08.2024 3.00 p.m.,0.9058
bulk_notice_24_Draft-2024-Budget-Review-and-Outlook-Paper_0.pdf,The growth in 2024 and 2025 will benefit from the enhanced agricultural productivity and a resilient services sector.,0.9037
bulk_notice_31_Draft-2024-Budget-Review-and-Outlook-Paper.pdf,The growth in 2024 and 2025 will benefit from the enhanced agricultural productivity and a resilient services sector.,0.9037
bulk_notice_31_Draft-2024-Budget-Review-and-Outlook-Paper.pdf,"In this regard , the National Treasury conducted regional trainings on public finance management targeting County Executive in the FY 2023/24.",0.9034
bulk_notice_24_Draft-2024-Budget-Review-and-Outlook-Paper_0.pdf,"In this regard , the National Treasury conducted regional trainings on public finance management targeting County Executive in the FY 2023/24.",0.9034
bulk_notice_1_THE-NATIONAL-TREASURY-AND-ECONOMIC-PLANNING-DRAFT-CREDIT-GUARANTEE-POLICY-2024.pdf,2.1 Historical MSME access to credit in Kenya MSMEs play a critical role in Kenya’s economic development and employment creation.,0.9033
bulk_notice_24_Draft-2024-Budget-Review-and-Outlook-Paper_0.pdf,"However, the Council of Governors in their submission to the Senate Select Committee on County Public Investments and Special Funds ind icated that the counties owed Ksh 40.5 billion as at March 2023.",0.9022
bulk_notice_31_Draft-2024-Budget-Review-and-Outlook-Paper.pdf,"However, the Council of Governors in their submission to the Senate Select Committee on County Public Investments and Special Funds ind icated that the counties owed Ksh 40.5 billion as at March 2023.",0.9022
bulk_notice_24_Draft-2024-Budget-Review-and-Outlook-Paper_0.pdf,"To further strengthen management of public resources, the Government is in the process of transitioning from cash to accrual basis to improve cash management and enhance financial and fiscal reporting.",0.9005
bulk_notice_24_Draft-2024-Budget-Review-and-Outlook-Paper_0.pdf,"To further strengthen management of public resources, the Government is in the process of transitioning from cash to accrual basis to improve cash management and enhance financial and fiscal reporting.",0.9005
bulk_notice_31_Draft-2024-Budget-Review-and-Outlook-Paper.pdf,"To further strengthen management of public resources, the Government is in the process of transitioning from cash to accrual basis to improve cash management and enhance financial and fiscal reporting.",0.9005
bulk_notice_31_Draft-2024-Budget-Review-and-Outlook-Paper.pdf,"To further strengthen management of public resources, the Government is in the process of transitioning from cash to accrual basis to improve cash management and enhance financial and fiscal reporting.",0.9005
bulk_notice_8_PUBLIC-NOTICE%203.pdf,"The said legal framework which has been in operation for period of 9 years, has been critical in streamlining the Public Procurement system in Kenya, inter alia, providing for efficient public procurement; providing clarity on the public procurement procedures and methods; emphasizing the role of professionals in public procurement; streamlining the roles and responsibilities of various actors in public procurement ; providing for eProcurement; and laying emphasis on robust contract management and Asset Management.",0.9002
bulk_notice_33_PUBLIC-NOTICE%202.pdf,"The said legal framework which has been in operation for period of 9 years, has been critical in streamlining the Public Procurement system in Kenya, inter alia, providing for efficient public procurement; providing clarity on the public procurement procedures and methods; emphasizing the role of professionals in public procurement; streamlining the roles and responsibilities of various actors in public procurement ; providing for eProcurement; and laying emphasis on robust contract management and Asset Management.",0.9002
bulk_notice_17_Budget-Highlights-The-Mwananchi-Guide-for-the-FY-2024-25-Budget.pdf,Continued Support to Counties for Enhanced Service Delivery The National Government continues to support the County Governments to en sure that devolution succeeds.,0.9001
notice_0_MEDIUM-TERM20PREPARATION%20PROCESS---Qtr.pdf,Members of the public are encouraged to follow live updates and coverage via the National Treasury’s official social media channels.,0.898
bulk_notice_4_Draft-Government-Owned-Enterprises-Bill-2024-2.pdf,"The Government Owned Enterprises Bill, 2024 2 PART V—PUBLIC SERVICE OBLIGATIONS 29— Public Service Obligations.",0.8973
bulk_notice_18_2024-Budget-Statement-for-the-FY-2024-25F.pdf,"Speaker, to expand access to clean and adequate water for domestic and agricultural use, I have proposed an allocation of Ksh 36.6 88 billion for water and sewerage infrastructure development; Ksh 12.5 billion for water resources management; and Ksh 1.9 billion for water storage and flood control.",0.8961
bulk_notice_17_Budget-Highlights-The-Mwananchi-Guide-for-the-FY-2024-25-Budget.pdf,"Allocation of the Ksh 400.1 billion Equitable share for each County Government 15 THE NATIONAL TREASURY AND ECONOMIC PLANNING Financial Year 2024/25 PUBLIC EXPENDITURE TRACKING Total Government Budget Ksh 3,992.0 bn Social Safety Nets Ksh 33.1 bn Council for Persons with Disability Ksh 0.6 bn Children Welfare Society Ksh 0.8 bn Elderly Persons Ksh 18.6 bn Hunger Safety Net Ksh 1.5 bn Presidential Secondary School Bursary Scheme Ksh 0.4 bn Orphans and Vulnerable Children Ksh 7.9 bn Severe Disability Ksh 1.2 bn Public Admin & International Relations Ksh 344.4 bn Health Ksh 127.0 bn Judiciary Ksh 24.6 bn GJLO Ksh 247.8 bn Education Ksh 656.6 bn National Security Ksh 219.4 bn Energy, Infrastructure & ICT Ksh 477.2 bn Agriculture and Food Security Ksh 84.9 bn Parliament Ksh 44.6 bn NG-CDF Ksh 63.0 bn Social Protection and Affirmative Action Ksh 68.0 bn General Economic and Commercial Affairs Ksh 43.1 bn County Shareable Revenue Ksh 400.1 bn Interest Payments, Pensions and Net lending Ksh 1,213.4 bn Environment Protection, Water and Natural Resources Ksh 110.1 bn Equalization Fund Ksh 8.0 bn Social & Economic Inclusion Project Ksh 1.9 bn National Drought Emergency Fund Ksh 0.2 bn 16 THE NATIONAL TREASURY AND ECONOMIC PLANNING Financial Year 2024/25 Value Added Tax Measures  Increase the VAT registration threshold from Kshs.",0.8961
bulk_notice_29_Public-Notice-Legislative-Reforms-for-the-improvement-of-the-economic-situation.pdf,"412A) requires participation by the public in the budget process; and RECOGNISING the burdens and benefits of the use of resources, raising revenue and managing expenditure equitably; NOW THEREFORE , in compliance with Article 201(a) and 232(1)(d) of the Constitution, and section 35(2) of the Public Finance Management Act, (Cap 412A), the National Treasury hereby invites the members of the public, the national government and county governments, non -governmental organizations, civil 2 societies, professional bodies, private sector players , religious groups and other stakeholders to make submissions on the following: - 1.",0.8954
bulk_notice_4_Draft-Government-Owned-Enterprises-Bill-2024-2.pdf,Implementation of Public Service Obligations.,0.8946
bulk_notice_4_Draft-Government-Owned-Enterprises-Bill-2024-2.pdf,PART V—PUBLIC SERVICE OBLIGATIONS Public Service Obligations.,0.8946
bulk_notice_18_2024-Budget-Statement-for-the-FY-2024-25F.pdf,"In addition, it aims to transform farmers from food deficit to surplus producers through input finance, subsidies and intensive agricultural extension support; raise the productivity of key food value chains; reduce dependence on basic food imports; revamp under-performing export crops and expand to new high value emerging crops; and boost tea value chain through blending and branding.",0.8945
bulk_notice_22_Schedule-of-Submission-by-the-General-Public-.pdf,Kenya Accreditation Services 23.08.2024 9:00 a.m- 9:30 a.m.,0.8935
bulk_notice_16_7.05.-2024-National-Tax-Policy.pdf,"In this respect, the Policy was subjected to public participation to ensure that the policy guidelines spelt herein are demand driven and in sync with the evolving needs of taxpayers and all citizens.",0.8935
bulk_notice_18_2024-Budget-Statement-for-the-FY-2024-25F.pdf,"Speaker, achieving a prosperous Kenya also requires leadership and support of every Kenyan.",0.8935
bulk_notice_7_7.05.-2024-National-Tax-Policy_0.pdf,"In this respect, the Policy was subjected to public participation to ensure that the policy guidelines spelt herein are demand driven and in sync with the evolving needs of taxpayers and all citizens.",0.8935
bulk_notice_1_THE-NATIONAL-TREASURY-AND-ECONOMIC-PLANNING-DRAFT-CREDIT-GUARANTEE-POLICY-2024.pdf,"Credit Guarantees are a key policy tool that many countries use to enhance MSMEs access to finance, while limiting the burden on public finances.",0.8926
bulk_notice_18_2024-Budget-Statement-for-the-FY-2024-25F.pdf,"Kenyans responded to our call and requested the Government to address, through this budget : the devastating effects of the ongoing floods; taxation concerns and cost of living ; unemployment; protection of the poor and the vulnerable; and reduc tion of wastage in public expenditures at the National and County Governments.",0.8924
bulk_notice_35_Press-release-Cash-Accrual.pdf,"The Treasury will support this transition by providing guidance on asset and liability valuat ion, enhancing the Integrated Financial Management Information System (IFMIS), and building capacity among public sector personnel.",0.8919
bulk_notice_34_Press-release-Cash-Accrual_0.pdf,"The Treasury will support this transition by providing guidance on asset and liability valuat ion, enhancing the Integrated Financial Management Information System (IFMIS), and building capacity among public sector personnel.",0.8919
bulk_notice_22_Schedule-of-Submission-by-the-General-Public-.pdf,Kenya Marine and Fisheries Research Institute 19.08.2024 2:30 p.m.,0.8914
bulk_notice_31_Draft-2024-Budget-Review-and-Outlook-Paper.pdf,"Moreover, remittance inflows to Kenya are projected to remain resilient, providing further support to household incomes.",0.8902
bulk_notice_24_Draft-2024-Budget-Review-and-Outlook-Paper_0.pdf,"Moreover, remittance inflows to Kenya are projected to remain resilient, providing further support to household incomes.",0.8902
bulk_notice_22_Schedule-of-Submission-by-the-General-Public-.pdf,Kenya Water Institute 28.08.2024 12:15 p.m.,0.8893
bulk_notice_22_Schedule-of-Submission-by-the-General-Public-.pdf,Kenya Fisheries Services 20.08.2024 9:00 a.m.- 9:30 a.m.,0.8889
bulk_notice_22_Schedule-of-Submission-by-the-General-Public-.pdf,Kenya Dairy Board 19.08.2024 12:15 p.m.,0.8873
bulk_notice_16_7.05.-2024-National-Tax-Policy.pdf,Legal Risk -Court cases relating to implementation of this Policy H • Public participation to create awareness on public policies identified for implementation; • Timely representation of Government by the Attorney General’s office; • Capacity building of the Judiciary on the proposed policy; and • Structured engagement with the judiciary to facilitate faster resolution of such cases.,0.8867
bulk_notice_7_7.05.-2024-National-Tax-Policy_0.pdf,Legal Risk -Court cases relating to implementation of this Policy H • Public participation to create awareness on public policies identified for implementation; • Timely representation of Government by the Attorney General’s office; • Capacity building of the Judiciary on the proposed policy; and • Structured engagement with the judiciary to facilitate faster resolution of such cases.,0.8867
bulk_notice_28_Advert-Sector-Launch-2025-2026-and-MTEF.pdf,"This is in accordance with Article 201 of the Constitution and Section 35 (2) of the Public Finance Management Act, 2012 which requires public participation on all public finance matters.",0.8865
bulk_notice_22_Schedule-of-Submission-by-the-General-Public-.pdf,Kenya Leather Development Council 19.08.2024 11:15 a.m.,0.8856
bulk_notice_22_Schedule-of-Submission-by-the-General-Public-.pdf,Kenya Fishing Industries Corporation 19.08.2024 3.00 p.m.,0.8849
bulk_notice_18_2024-Budget-Statement-for-the-FY-2024-25F.pdf,"Towards actualising development objectives to the public, the Government in March 2024 20 launched the Fourth Medium Term Plan (MTP IV) for the period 2023-2027.",0.8849
bulk_notice_31_Draft-2024-Budget-Review-and-Outlook-Paper.pdf,"Similarly, the Kenya Shilling underperformed in all EAC regional currencies over the period under consideration.",0.8846
bulk_notice_24_Draft-2024-Budget-Review-and-Outlook-Paper_0.pdf,"Similarly, the Kenya Shilling underperformed in all EAC regional currencies over the period under consideration.",0.8846
bulk_notice_31_Draft-2024-Budget-Review-and-Outlook-Paper.pdf,"On the other hand, G overnment will sustain measures to improve efficiency in public spending and reduce non-essential expenditures.",0.8844
bulk_notice_24_Draft-2024-Budget-Review-and-Outlook-Paper_0.pdf,"On the other hand, G overnment will sustain measures to improve efficiency in public spending and reduce non-essential expenditures.",0.8844
bulk_notice_17_Budget-Highlights-The-Mwananchi-Guide-for-the-FY-2024-25-Budget.pdf,"Key allocations in this budget include: Ksh 10.0 billion Fertilizer Subsidy Programme; Ksh 647 million Small Scale Irrigation and Value Addition Project; Ksh 2.5 billion Emergency Locusts Response; Ksh 2.4 billion Enable Youth and Women in Agriculture; Ksh 6.1 billion National Agricultural Value Chain Development Project (NAVCDP); Ksh 642 million Food Security and Crop Diversification Project; Ksh 12.3 billion Livestock Resources Management and Development; 1.Agricultural Transformation and Inclusive Growth To implement BETA, the Government has identified nine key value chain areas for implementation, namely: (i) Leather and Leather Products; (ii) Textile and Apparel; (iii) Dairy; (iv) Edible Oils; (v) Tea; (vi) Rice; (vii) Blue Economy; (viii) Natural Resources Including Minerals & Forestry); and (ix) Construction and B uilding Materials.",0.884
bulk_notice_18_2024-Budget-Statement-for-the-FY-2024-25F.pdf,"Speaker, in order to increase efficiency and effectiveness of the public spending, the Government will continue to implement Public Investment Management Regulations at the National Government and commence roll -out to the County Governments.",0.8828
bulk_notice_1_THE-NATIONAL-TREASURY-AND-ECONOMIC-PLANNING-DRAFT-CREDIT-GUARANTEE-POLICY-2024.pdf,"In the wake of covid -19 pandemic, the government rolled out the Credit Guarantee Scheme (CGS) for MSMEs in 2020 as part of the Economic Stimulus Program to support MSMEs access quality and affordable credit.",0.8822
bulk_notice_1_THE-NATIONAL-TREASURY-AND-ECONOMIC-PLANNING-DRAFT-CREDIT-GUARANTEE-POLICY-2024.pdf,"To facilitate access to quality and affordable credit for MSMEs, the Government will: (i) Support the establishment and operationalization of a company or a special purpose vehicle with a minority Government shareholding to lead effective and efficient delivery of Government-linked credit guarantees to MSMEs; (ii) Develop a transparent and consistent risk -based pricing policy to enhance the attractiveness of the guarantee program to lenders and MSMEs; 24 (iii) Support in building capacity of micro and small enterprises to promote formalization of their operations and enable them harness growth opportunities; (iv) Promote use of credit score for credit appraisal; (v) Provide incentives to promote registration/formalization of MSMEs; and (vi) Sensitize MSMEs to improve their credit worthiness to benefit from lower interest rates and use of alternative forms of collateral.",0.882
bulk_notice_18_2024-Budget-Statement-for-the-FY-2024-25F.pdf,"Speaker, to provide fair treatment to both residents and non -residents offering excisable services, I propose to amend the Excise Duty Act to charge excisable services offered in Kenya by a non -resident through a digital platform.",0.8818
bulk_notice_35_Press-release-Cash-Accrual.pdf,"This transition will affect the National Government, County Governments, and their respective entities, ensuring greater transparency and accountability in financial reporting.",0.8813
bulk_notice_34_Press-release-Cash-Accrual_0.pdf,"This transition will affect the National Government, County Governments, and their respective entities, ensuring greater transparency and accountability in financial reporting.",0.8813
bulk_notice_1_THE-NATIONAL-TREASURY-AND-ECONOMIC-PLANNING-DRAFT-CREDIT-GUARANTEE-POLICY-2024.pdf,The Government of Kenya established a Credit Guarantee Scheme in 2020.,0.8809
bulk_notice_18_2024-Budget-Statement-for-the-FY-2024-25F.pdf,"Speaker, the Government continue s to invest in education to improve education outcomes and create a level playing fie ld for all children.",0.8796
bulk_notice_37_Public-Notice-Wildlife-Conversation-Fund-final.pdf,"1 | P a g e REPUBLIC OF KENYA THE NATIONAL TREASURY AND ECONOMIC PLANNING PUBLIC NOTICE DRAFT PUBLIC FINANCE MANAGEMENT (WILDLIFE CONSERVATION TRUST FUND) REGULATIONS, 2024 The State Department for Wildlife's core mandate is the provision of strategic policy, direction, and leadership in wildlife conservation and management in Kenya as provided for under Executive Order No.",0.8796
bulk_notice_18_2024-Budget-Statement-for-the-FY-2024-25F.pdf,"Speaker , to raise agricultural productivity and enhance resilience to climate change risks in targeted smallholder farming and pastoral communities, I propose an allocation of Ksh 340 million Towards Ending Drought Emergencies project.",0.8788
bulk_notice_24_Draft-2024-Budget-Review-and-Outlook-Paper_0.pdf,Public Participation and Involvement of Stakeholders ...................................................,0.8784
bulk_notice_31_Draft-2024-Budget-Review-and-Outlook-Paper.pdf,Public Participation and Involvement of Stakeholders 76.,0.8784
bulk_notice_24_Draft-2024-Budget-Review-and-Outlook-Paper_0.pdf,Public Participation and Involvement of Stakeholders 76.,0.8784
bulk_notice_31_Draft-2024-Budget-Review-and-Outlook-Paper.pdf,Public Participation and Involvement of Stakeholders ...................................................,0.8784
bulk_notice_18_2024-Budget-Statement-for-the-FY-2024-25F.pdf,"Further, I have proposed Ksh 11.1 billion for the Kenya Primary Education Equity in Learning Program; Ksh 1.8 billion for Construction of Integrated Resource Centers; and Ksh 1.5 billion for Kenya Secondary Education Quality Improvement Project.",0.8772
bulk_notice_7_7.05.-2024-National-Tax-Policy_0.pdf,"The levels of compliance are mainly hindered by the technical and complex nature of tax laws and procedures, taxpayer apathy, high compliance cost, inadequate sharing of taxpayer information among National and County Government agencies, lack of physical presence of KRA offices in some regions of Kenya and low tax literacy among citizens.",0.8761
bulk_notice_16_7.05.-2024-National-Tax-Policy.pdf,"The levels of compliance are mainly hindered by the technical and complex nature of tax laws and procedures, taxpayer apathy, high compliance cost, inadequate sharing of taxpayer information among National and County Government agencies, lack of physical presence of KRA offices in some regions of Kenya and low tax literacy among citizens.",0.8761
bulk_notice_18_2024-Budget-Statement-for-the-FY-2024-25F.pdf,5 billion for Emergency Locust Response; Ksh 2.4 billion for the Enable Youth and Women in Agriculture; Ksh 747.0 million for Small Scale Irrigation and Value Addition Project; and Ksh 642.5 million for the Food Security and Crop Diversification Project.,0.8756
bulk_notice_22_Schedule-of-Submission-by-the-General-Public-.pdf,Kenya Water Towers Agency 28.08.2024 9:00 a.m- 9:30 a.m.,0.8755
bulk_notice_37_Public-Notice-Wildlife-Conversation-Fund-final.pdf,"Wildlife Clubs of Kenya 5th December, 2024 10.00 am 6.",0.8751
bulk_notice_17_Budget-Highlights-The-Mwananchi-Guide-for-the-FY-2024-25-Budget.pdf,"Some of the measures implemented include:  Provided essential food, temporary shelters, and a Ksh.1 billion for rebuilding school infrastructure, with Ksh.",0.8746
bulk_notice_1_THE-NATIONAL-TREASURY-AND-ECONOMIC-PLANNING-DRAFT-CREDIT-GUARANTEE-POLICY-2024.pdf,"This will further provide an incentive for lenders to pass concessionary benefits to MSMEs; (vii) Promotes financial inclusion of specific target MSMEs (including those owned by women, youth and PwDs); 13 (viii) Catalyzes formalization of businesses by incentivizing transition of those currently in the informal sector to the formal sector; (ix) Prescribe guiding principles for credit guarantees in Kenya; (x) To promote investment and growth of credit guarantees as a risk sharing mechanism in Kenya; and (xi) Facilitate collaborations and partnerships among credit guarantees and other institutions.",0.8722
bulk_notice_18_2024-Budget-Statement-for-the-FY-2024-25F.pdf,"These shocks include: one, Global COVID-19 pandemic; two, Global supply chain disruptions ; and three, effects of climate change from the prolonged drought in 2021 to the current floods in 2024.",0.8716
bulk_notice_4_Draft-Government-Owned-Enterprises-Bill-2024-2.pdf,"PART V of the Bill under clause 29 seeks to provide for Public Service Obligations of the Government Owned Enterprises, Clause 30 seeks to provide for proposals of Public Service Obligations and Clause 31 seeks to stipulate enforcement of Public Service Obligations.",0.871
bulk_notice_18_2024-Budget-Statement-for-the-FY-2024-25F.pdf,"Speaker , to improve livestock production, I propose : Ksh 2.4 billion for De - Risking, Inclusion and Value Enhancement of Pastoral Economies Programme; Ksh 1.5 billion for Livestock Value Chain Support Project; Ksh 1.5 billion for Kenya Livestock Commercialization Programme; and Ksh 192.5 million for the Embryo Transfer Project.",0.8705
bulk_notice_4_Draft-Government-Owned-Enterprises-Bill-2024-2.pdf,(7) The Public Service Obligations under a Public service Obligation agreement shall be binding.,0.8695
bulk_notice_31_Draft-2024-Budget-Review-and-Outlook-Paper.pdf,The 2024 BROP forms the basis for the development of the 2025 BPS that will detail the progress in the implementation of the priority policies and strategies of the Government under BETA as prioritized in the MTP IV of the Vision 2030; and preparation of the FY 2025/26 and the medium-term budget that will be guided by the Budget Calendar.,0.8694
bulk_notice_22_Schedule-of-Submission-by-the-General-Public-.pdf,Kenya Animal Genetic Resource Centre 19.08.2024 12:45 p.m- 1:15 p.m.,0.8694
bulk_notice_24_Draft-2024-Budget-Review-and-Outlook-Paper_0.pdf,The 2024 BROP forms the basis for the development of the 2025 BPS that will detail the progress in the implementation of the priority policies and strategies of the Government under BETA as prioritized in the MTP IV of the Vision 2030; and preparation of the FY 2025/26 and the medium-term budget that will be guided by the Budget Calendar.,0.8694
bulk_notice_24_Draft-2024-Budget-Review-and-Outlook-Paper_0.pdf,"This will be presented to Cabinet for approval by 15 th January, 2025 and subsequently to Parliament by 15th February, 2025; iii) Preparation of draft Budget Estimates and Finance Bill, 2025: The draft Budget Estimates and Finance Bill, 2025 will be submitted to Cabinet by 18th April, 2025 and later to Parliament by 29th April, 2025; and iv) Presentation of the Budget Statement/Speech to Parliament is scheduled for 12th June, 2025 and approval and assent of both the Appropriation Bill , 2025 and Finance Bill, 2025 by 30th June, 2025.",0.8689
bulk_notice_31_Draft-2024-Budget-Review-and-Outlook-Paper.pdf,"This will be presented to Cabinet for approval by 15 th January, 2025 and subsequently to Parliament by 15th February, 2025; iii) Preparation of draft Budget Estimates and Finance Bill, 2025: The draft Budget Estimates and Finance Bill, 2025 will be submitted to Cabinet by 18th April, 2025 and later to Parliament by 29th April, 2025; and iv) Presentation of the Budget Statement/Speech to Parliament is scheduled for 12th June, 2025 and approval and assent of both the Appropriation Bill , 2025 and Finance Bill, 2025 by 30th June, 2025.",0.8689
bulk_notice_22_Schedule-of-Submission-by-the-General-Public-.pdf,Kenya Consumers Protection Advisory Committee 21.08.2024 3.00 p.m.,0.8688
bulk_notice_18_2024-Budget-Statement-for-the-FY-2024-25F.pdf,"Speaker, to strengthen economic recovery, the Government will accelerate implementation of policies, programs, projects and interventions in BETA to: i) enhance agricultural transformation; ii) support Micro, Small and Medium Enterprises ; iii) provide affordable housing and settlement; iv) achieve universal healthcare; and v) support growth of digital superhighway and creative economy for job creation.",0.8686
bulk_notice_18_2024-Budget-Statement-for-the-FY-2024-25F.pdf,The System consolidate s human resource and payroll data in the Public Service for access through a single warehouse.,0.8685
bulk_notice_37_Public-Notice-Wildlife-Conversation-Fund-final.pdf,"These Public Finance Management (Wildlife Conservation Trust Fund) were earlier published in December 2023 but are republished on the directions of Parliament to: - ensure alignment of both Section 23 (1) and (2) of the Wildlife Conservation and Management Act, 2013 (as amended) and Section 24 (4) of the Public Finance Management Act, 2012; - include a 1 % levy of revenues realized from fees charged for entrance to parks, reserves, conservancies, and sanctuaries to support conservation activities.",0.8683
bulk_notice_7_7.05.-2024-National-Tax-Policy_0.pdf,"02 of 2023 ii © Government of the Republic of Kenya, 2023 To obtain copies of the National Tax Policy, please contact: Public Relations Office The National Treasury Treasury Building Harambee Avenue P.",0.8679
bulk_notice_16_7.05.-2024-National-Tax-Policy.pdf,"02 of 2023 ii © Government of the Republic of Kenya, 2023 To obtain copies of the National Tax Policy, please contact: Public Relations Office The National Treasury Treasury Building Harambee Avenue P.",0.8679
bulk_notice_18_2024-Budget-Statement-for-the-FY-2024-25F.pdf,"Mr Speaker , to enhance public knowledge and literacy on tax matters, I propose to amend the K enya Revenue Authority Act to enable the Kenya School of Revenue Administration collaborate with other institutions of higher learning , develop curriculum, assess, examine students and award certificates in tax matters.",0.8672
bulk_notice_31_Draft-2024-Budget-Review-and-Outlook-Paper.pdf,b) Capacity Building County Governments on Public Finance Management 55.,0.8671
bulk_notice_24_Draft-2024-Budget-Review-and-Outlook-Paper_0.pdf,b) Capacity Building County Governments on Public Finance Management 55.,0.8671
bulk_notice_1_THE-NATIONAL-TREASURY-AND-ECONOMIC-PLANNING-DRAFT-CREDIT-GUARANTEE-POLICY-2024.pdf,"On December 8, 2020, the Government of Kenya (GoK), through the National Treasury, rolled out a pilot Credit Guarantee Scheme to respond to challenges facing MSMEs, and in particular access to quality and affordable credit.",0.8671
bulk_notice_22_Schedule-of-Submission-by-the-General-Public-.pdf,National Water Harvesting and Storage Authority 29.08.2024 3.00 p.m.,0.8669
bulk_notice_17_Budget-Highlights-The-Mwananchi-Guide-for-the-FY-2024-25-Budget.pdf,The Government continues to support livestock farming as part of value chain addition.,0.8664
bulk_notice_37_Public-Notice-Wildlife-Conversation-Fund-final.pdf,"There shall be in -person meetings for public consultations on the above Public Finance Management (Wildlife Conservation Trust Fund) Regulations, 2024 as per the schedule below: - Stakeholder Dates for meeting Time for meeting 1.",0.8662
bulk_notice_22_Schedule-of-Submission-by-the-General-Public-.pdf,Agriculture Information and Resource Centre 20.08.2024 3.30 p.m.,0.8658
bulk_notice_31_Draft-2024-Budget-Review-and-Outlook-Paper.pdf,"This will be presented to Cabinet fo r approval by 15 th January, 2025 and subsequently to Parliament by 15th February, 2025; iii) Preparation of draft Budget Estimates and Finance Bill, 2025: The draft Budget Estimates and Finance Bill, 2025 will be submitted to Cabinet by 18 th April, 2025 and lat er to Parliament by 29th April, 2025; and iv) Presentation of the Budget Statement/Speech to Parliament is scheduled for 12th June, 2025 and approval and assent of both the Appropriation Bill, 2025 and Finance Bill, 2025 by 30th June, 2025.",0.8658
bulk_notice_1_THE-NATIONAL-TREASURY-AND-ECONOMIC-PLANNING-DRAFT-CREDIT-GUARANTEE-POLICY-2024.pdf,The objective of the scheme was to support MSME businesses stay afloat and safeguard employment during and after the Covid-19 pandemic.,0.8658
bulk_notice_24_Draft-2024-Budget-Review-and-Outlook-Paper_0.pdf,"This will be presented to Cabinet fo r approval by 15 th January, 2025 and subsequently to Parliament by 15th February, 2025; iii) Preparation of draft Budget Estimates and Finance Bill, 2025: The draft Budget Estimates and Finance Bill, 2025 will be submitted to Cabinet by 18 th April, 2025 and lat er to Parliament by 29th April, 2025; and iv) Presentation of the Budget Statement/Speech to Parliament is scheduled for 12th June, 2025 and approval and assent of both the Appropriation Bill, 2025 and Finance Bill, 2025 by 30th June, 2025.",0.8658
bulk_notice_24_Draft-2024-Budget-Review-and-Outlook-Paper_0.pdf,"Investment will also benefit from an increased focus on Public Private Partnerships (PPPs), following the near completion of the harmonization of the Public Investment Policy, which will align PPP and Public Investment Management frameworks.",0.8647
bulk_notice_31_Draft-2024-Budget-Review-and-Outlook-Paper.pdf,"Investment will also benefit from an increased focus on Public Private Partnerships (PPPs), following the near completion of the harmonization of the Public Investment Policy, which will align PPP and Public Investment Management frameworks.",0.8647
bulk_notice_1_THE-NATIONAL-TREASURY-AND-ECONOMIC-PLANNING-DRAFT-CREDIT-GUARANTEE-POLICY-2024.pdf,In order to address inadequate communication on credit guarantees the Government will: (i) Support the development of an effective communication strategy to enhance awareness of the benefits of credit guarantees to relevant stakeholders; (ii) Support in disseminating targeted awareness on credit guarantees; and (iii) Leverage on existing communication channels to reach MSMEs.,0.8645
bulk_notice_4_Draft-Government-Owned-Enterprises-Bill-2024-2.pdf,"(3) A Government Owned Enterprise which also performs Public Service Obligations shall operate on a commercial basis and shall, for the purpose of financing the achievement of Public Service Obligations, be funded through the Government budgetary resources.",0.8643
bulk_notice_17_Budget-Highlights-The-Mwananchi-Guide-for-the-FY-2024-25-Budget.pdf,Allocations to the sector include: Ksh 4.2 billion Universal Health Coverage Coordination and Management Unit; Ksh 4.6 billion Specialized Medical Equipment and Stipend for Community Health Promoters; Ksh 2.0 billion Free Maternity Health Care; Ksh 3.6 billion Managed Equipment Services; 3.,0.863
bulk_notice_33_PUBLIC-NOTICE%202.pdf,"In exercise of this mandate, Section 7(2)© of the Act requires the National Treasury to design and prescribe an efficient procurement management system for the national and county governments to ensure transparent procurement and asset disposal as contemplated by Article 227 of the Constitution: Provided that the National Treasury shall prescribe through Regulations a system under this paragraph which operates, respects and promotes the distinctiveness of the national and county levels of government; The Public Procurement and Asset Disposal Act 2015 came into effect in January 2016.",0.8623
bulk_notice_8_PUBLIC-NOTICE%203.pdf,"In exercise of this mandate, Section 7(2)© of the Act requires the National Treasury to design and prescribe an efficient procurement management system for the national and county governments to ensure transparent procurement and asset disposal as contemplated by Article 227 of the Constitution: Provided that the National Treasury shall prescribe through Regulations a system under this paragraph which operates, respects and promotes the distinctiveness of the national and county levels of government; The Public Procurement and Asset Disposal Act 2015 came into effect in January 2016.",0.8623
bulk_notice_22_Schedule-of-Submission-by-the-General-Public-.pdf,Kenya Industrial Protection Institute 22.08.2024 2:30 p.m.,0.8621
bulk_notice_31_Draft-2024-Budget-Review-and-Outlook-Paper.pdf,"In the FY 2023/24, all the county governments were in compliance with this legal requirement.",0.8616
bulk_notice_24_Draft-2024-Budget-Review-and-Outlook-Paper_0.pdf,"In the FY 2023/24, all the county governments were in compliance with this legal requirement.",0.8616
bulk_notice_17_Budget-Highlights-The-Mwananchi-Guide-for-the-FY-2024-25-Budget.pdf,"Key allocations include: Ksh 71.0 billion Free primary and Day Secondary Education Ksh 30.7 billion Junior Secondary School Capitation Ksh 3.0 billion School Feeding Programme Ksh 5.0 billion Examinations Fee Waiver Ksh 358.2 billion of which: Teachers Service Commission Ksh 13.3 billion Conversion of JSS teachers to permanent and pensionable Ksh 1.3 billion Competency Based Curriculum (CBC) Training of Teachers Ksh 11.1 billion Kenya Primary Education Equity in Learning Ksh 6.0 billion Infrastructure Development in Primary and Secondary Schools Ksh 150 million ICT Integration in Secondary Schools Ksh 62.8 billion Higher Education Loans Board (HELB) and Other Scholarships Ksh 71.9 billion University Education Ksh 700 million Research, Science, Technology and Innovation Protection for Vulnerable Groups The Government continues with programmes aimed at protecting vulnerable segment of our society.",0.8615
bulk_notice_16_7.05.-2024-National-Tax-Policy.pdf,"Conduct staff and taxpayer awareness programs on the refund processing procedures including lodgement of the refund claim, assessment, approval and payment.",0.8609
bulk_notice_18_2024-Budget-Statement-for-the-FY-2024-25F.pdf,"Speaker, the Government is committed and determined to realise the constitutional right to health by promoting access to quality and affordable healthcare th rough the Universal Health Coverage Programme.",0.8609
bulk_notice_7_7.05.-2024-National-Tax-Policy_0.pdf,"Conduct staff and taxpayer awareness programs on the refund processing procedures including lodgement of the refund claim, assessment, approval and payment.",0.8609
bulk_notice_24_Draft-2024-Budget-Review-and-Outlook-Paper_0.pdf,This calls for proper prioritization to ensure that our expenditures goes to the most impactful programmes with the highest welfare benefits to Kenya ns.,0.8598
bulk_notice_31_Draft-2024-Budget-Review-and-Outlook-Paper.pdf,This calls for proper prioritization to ensure that our expenditures goes to the most impactful programmes with the highest welfare benefits to Kenya ns.,0.8598
bulk_notice_31_Draft-2024-Budget-Review-and-Outlook-Paper.pdf,"In FY 2025/26 and the medium term, resource allocation for the priority programmes will be done through a value chain approach under five clusters namely: i) Finance and Production; ii) Infrastructure; iii) Environment and Natural Resources; iv) Social Sectors; and v) Governance and Public Administration.",0.8598
bulk_notice_24_Draft-2024-Budget-Review-and-Outlook-Paper_0.pdf,"In FY 2025/26 and the medium term, resource allocation for the priority programmes will be done through a value chain approach under five clusters namely: i) Finance and Production; ii) Infrastructure; iii) Environment and Natural Resources; iv) Social Sectors; and v) Governance and Public Administration.",0.8598
bulk_notice_16_7.05.-2024-National-Tax-Policy.pdf,g) To enhance public participation and accountability in the formulation of tax laws.,0.8596
bulk_notice_7_7.05.-2024-National-Tax-Policy_0.pdf,g) To enhance public participation and accountability in the formulation of tax laws.,0.8596
bulk_notice_18_2024-Budget-Statement-for-the-FY-2024-25F.pdf,"Further, the Government will roll out the Public Investment 56 Management Information System to all MDAs to improve the management of development projects in the country.",0.8596
bulk_notice_22_Schedule-of-Submission-by-the-General-Public-.pdf,Kenya Tsetse and Trypanasomiasis Eradication Council 19.08.2024 10:00 a.m.,0.8592
bulk_notice_36_VIRTUAL-ASSET-SERVICE-PROVIDERS-BILL-2024.pdf,"Every virtual asset service provider shall at all times— (a) provide services honestly and fairly; (b) maintain and hold the prescribed capital requirements; (c) manage any actual and potential conflicts of interest related to its services; (d) have adequate technological, financial and human resources to discharge its services; (e) comply with the full range of AML/CFT/ CPF preventive measures, including targeted financial sanctions obligations; (f) have its annual financial statement audited; (g) open and operate a bank account in Kenya for the purposes of this Act; (h) ensure that recording, storing, protecting and transmission of the data processed by it is in accordance with laws in Kenya; (i) ensure that all marketing and promotional materials are fair, clear, transparent and not misleading; The Virtual Asset Service Providers Bill, 2025 22 (j) plan for business continuity and disaster recovery in the event of an incident or a disaster; (k) have in place a mechanism for handling customer complaints; (l) have in place a mechanism for protecting whistle-blowers; (m) take reasonable steps to prevent market abuse and ensure the integrity and transparency of the financial market; (n) take reasonable steps and measures to maintain an effective consumer education program for the virtual asset in which it deals; (o) take reasonable steps to ensure that employees and persons acting on its behalf comply with the provisions of this Act or any other relevant law; (p) maintain competence to provide the virtual asset services; (q) if offering for sale a virtual asset, conduct due diligence on the virtual asset and its issuer, taking into account the requirements of this Act and any other relevant law; (r) take reasonable steps to ensure that the beneficial owners are fit and proper; (s) take reasonable steps to ensure that its beneficial owners or natural person employed by, or associated with, the virtual asset service providers comply with this Act and all applicable laws in Kenya; (t) take reasonable steps to ensure that its beneficial owners or natural person employed by, or associated with, the virtual asset service providers comply with the code of conduct of virtual asset service provider’s set out by the relevant regulatory authority; The Virtual Asset Service Providers Bill, 2025 23 (u) take reasonable steps to ensure that its beneficial owners or natural person employed by, or associated with, the virtual asset service providers comply with the conditions of licence issued by the relevant regulatory authority; and (v) take reasonable steps to ensure that its beneficial owners or natural person employed by, or associated with, the virtual asset service providers are competent to provide the virtual assets services.",0.8586
bulk_notice_24_Draft-2024-Budget-Review-and-Outlook-Paper_0.pdf,"Fiscal Responsibility Principles in the Public Finance Management Act In line with the Constitution, the Public Finance Management (PFM) Act, 2012, sets out the fiscal responsibility principles to ensure prudent and transparent management of public resources.",0.8582
bulk_notice_31_Draft-2024-Budget-Review-and-Outlook-Paper.pdf,"Fiscal Responsibility Principles in the Public Finance Management Act In line with the Constitution, the Public Finance Management (PFM) Act, 2012, sets out the fiscal responsibility principles to ensure prudent and transparent management of public resources.",0.8582
bulk_notice_1_THE-NATIONAL-TREASURY-AND-ECONOMIC-PLANNING-DRAFT-CREDIT-GUARANTEE-POLICY-2024.pdf,"2.3.2 Status of Credit Guarantees in Kenya The National Economic Social Council (NESC) report 2014, estimated the total value of all credit guarantee schemes in Kenya’s banking sector to be approximately KSh 30 billion.",0.8575
bulk_notice_24_Draft-2024-Budget-Review-and-Outlook-Paper_0.pdf,County development budget execution has been constrained by the inability of County Governments in their realisation of their OSR and delays in transfer disbursements by the National Government.,0.8571
bulk_notice_31_Draft-2024-Budget-Review-and-Outlook-Paper.pdf,County development budget execution has been constrained by the inability of County Governments in their realisation of their OSR and delays in transfer disbursements by the National Government.,0.8571
bulk_notice_24_Draft-2024-Budget-Review-and-Outlook-Paper_0.pdf,"The preparation of MTEF Sector Budget proposals will culminate in the Public Sector Hearings on 20th November, 2024; ii) 2025 Budget Policy Statement: Preparation of the 2025 BPS will commence after approval of this 2024 BROP and will be informed by the budget proposals by the Sector Working Groups.",0.8565
bulk_notice_31_Draft-2024-Budget-Review-and-Outlook-Paper.pdf,"The preparation of MTEF Sector Budget proposals will culminate in the Public Sector Hearings on 20th November, 2024; ii) 2025 Budget Policy Statement: Preparation of the 2025 BPS will commence after approval of this 2024 BROP and will be informed by the budget proposals by the Sector Working Groups.",0.8565
bulk_notice_22_Schedule-of-Submission-by-the-General-Public-.pdf,Kenya Wildlife Service 30.08.2024 11:15 a.m.,0.8559
bulk_notice_22_Schedule-of-Submission-by-the-General-Public-.pdf,Agriculture Development Corporation 20.08.2024 3.00 p.m.,0.855
bulk_notice_18_2024-Budget-Statement-for-the-FY-2024-25F.pdf,"In order to promote this industry and enhance incomes to our pastoral farmers, the Ministers agreed to retain a stay of application of import duty on imported leather bags at 35 % for Kenya.",0.8545
bulk_notice_17_Budget-Highlights-The-Mwananchi-Guide-for-the-FY-2024-25-Budget.pdf,"Environmental Protection, Water and Natural Resources To support environment and water conservation and respond to climate change , the following allocations have been set aside for the FY 2024/25: Ksh 73.1 billion Expand Access to Clean and Adequate Water for Domestic and Agricultural Use; Ksh 10.7 billion Forests Resources Conservation and Management; Ksh 1.7 billion Forests Research and Development; Ksh 5.9 billion Kenya Financing Locally Led Climate Action Project; Ksh 2.7 billion Environment Management and Protection; Ksh 1.6 billion Meteorological Service; and Ksh 13.1 billion Wildlife security, conservation and management.",0.8544
bulk_notice_17_Budget-Highlights-The-Mwananchi-Guide-for-the-FY-2024-25-Budget.pdf,"Key proposed allocations to the sector include: Ksh 4.5 billion Establishment of County Integrated Agro-Industrial Parks; Ksh 1.9 billion Finance & Enterprise Recovery (SAFER) Project; Ksh 1.0 billion Kenya Jobs Economic Transformation (KJET); Ksh 440 million Development of SEZ Textile Park Naivasha; Ksh 1.5 billion Sugar Reforms; and Ksh 1.3 billion Kenya Industry and Entrepreneurship Project Government will develop demand driven programmes to bridge gaps in TVETs Launch of Regional Counterterrorism Training Centre in Kitui County To combat crime, the Government has invested in modern equipment.",0.8537
bulk_notice_31_Draft-2024-Budget-Review-and-Outlook-Paper.pdf,"The prepa ration of MTEF Sector Budget proposals will culminate in the Public Sector Hearings on 20th November, 2024; ii) 2025 Budget Policy Statement: Preparation of the 2025 BPS will commence after approval of this 2024 BROP and will be informed by the budget proposal s by the Sector Working Groups.",0.8536
bulk_notice_24_Draft-2024-Budget-Review-and-Outlook-Paper_0.pdf,"The prepa ration of MTEF Sector Budget proposals will culminate in the Public Sector Hearings on 20th November, 2024; ii) 2025 Budget Policy Statement: Preparation of the 2025 BPS will commence after approval of this 2024 BROP and will be informed by the budget proposal s by the Sector Working Groups.",0.8536
bulk_notice_28_Advert-Sector-Launch-2025-2026-and-MTEF.pdf,This advertisement is placed for general public information.,0.8535
bulk_notice_4_Draft-Government-Owned-Enterprises-Bill-2024-2.pdf,31— Implementation of Public Service Obligations.,0.8534
bulk_notice_18_2024-Budget-Statement-for-the-FY-2024-25F.pdf,"Further, to ensure competitiveness of textile products that are produced locally in sufficient quantities, Kenya was granted a stay of application and will apply a higher duty rate of 35 % .",0.8533
bulk_notice_22_Schedule-of-Submission-by-the-General-Public-.pdf,Wildlife Clubs of Kenya 30.08.2024 10:45 a.m.,0.8531
bulk_notice_1_THE-NATIONAL-TREASURY-AND-ECONOMIC-PLANNING-DRAFT-CREDIT-GUARANTEE-POLICY-2024.pdf,"The policy measures to be undertaken by the Government in ensuring underserved sectors access credit include: (i) Invest in suitable credit guarantees to promote access to credit for targeted sectors; (ii) Work with relevant institutions in developing targeted products to meet the different needs of MSMEs in key economic sectors, underserved counties, businesses owned by women, youth and PwDs, and high potential start-ups; (iii) Collaborate with relevant counties and MDAs to enable more MSMEs to access the available credit guarantees; and (iv) Develop a green strategy for Integrating Climate Change Mitigation and Adaptation into its operations and in enhancing access to credit to finance green projects.",0.8517
bulk_notice_24_Draft-2024-Budget-Review-and-Outlook-Paper_0.pdf,Article 176 of the Constitution establishes County Governments consisting of county assemblies and county executives.,0.8514
bulk_notice_31_Draft-2024-Budget-Review-and-Outlook-Paper.pdf,Article 176 of the Constitution establishes County Governments consisting of county assemblies and county executives.,0.8514
bulk_notice_18_2024-Budget-Statement-for-the-FY-2024-25F.pdf,"Further, to strengthen the capacity of medical personnel, I 70 have proposed Ksh 3.7 billion for Medical Interns; Ksh 406 million for training of Health Personnel; and Ksh 8.6 billion for the Kenya Medical Training Centres.",0.8509
bulk_notice_1_THE-NATIONAL-TREASURY-AND-ECONOMIC-PLANNING-DRAFT-CREDIT-GUARANTEE-POLICY-2024.pdf,"However, there is a need to ensure that the interests of the borrower, lender and guarantor are also protected.",0.8505
bulk_notice_16_7.05.-2024-National-Tax-Policy.pdf,"To achieve this objective, the Government will: a) Explore ways of enhancing the taxation of property transfer s including land and agricultural sector; b) Explore ways of enhancing taxation of informal sectors including through increasing KRA’s presence in big town and cities; c) Exploring mechanism for collecting taxes from the informal sector such as appointment of tax collection agents; d) Roll out education programmes to farmers and informal sector groups on taxation; e) Enhance collaborations and exchange of information on taxpayers between the National Government and County Governments.",0.8503
bulk_notice_7_7.05.-2024-National-Tax-Policy_0.pdf,"To achieve this objective, the Government will: a) Explore ways of enhancing the taxation of property transfer s including land and agricultural sector; b) Explore ways of enhancing taxation of informal sectors including through increasing KRA’s presence in big town and cities; c) Exploring mechanism for collecting taxes from the informal sector such as appointment of tax collection agents; d) Roll out education programmes to farmers and informal sector groups on taxation; e) Enhance collaborations and exchange of information on taxpayers between the National Government and County Governments.",0.8503
bulk_notice_37_Public-Notice-Wildlife-Conversation-Fund-final.pdf,"Kenya Wildlife Service (KWS) 5th December, 2024 10.00 am 3.",0.8502
