English,Kiswahili,Domain
"As a catalyst for self-reliance and health security, the strategy advances Kenya’s strategic interests regionally, riding on the goodwill of the President’s lead role as AU champion on Local Manufacturing.","Maoni muhimu kutoka kwa uchanganuzi wa mazingira yanaonyesha mfumo ikolojia wa utengenezaji wa ndani uliogawanyika na changamoto mtambuka ambazo zinahusisha wizara na mashirika mengi, na hivyo kuzuia maendeleo kuelekea Huduma ya Afya kwa Wote.",Health
"Key insights from the landscape analysis indicate a fragmented local manufacturing ecosystem with cross-cutting challenges that span multiple ministries and agencies, limiting progress toward Universal Health Coverage.","Maoni muhimu kutoka kwa uchanganuzi wa mazingira yanaonyesha mfumo ikolojia wa utengenezaji wa ndani uliogawanyika na changamoto mtambuka ambazo zinahusisha wizara na mashirika mengi, na hivyo kuzuia maendeleo kuelekea Huduma ya Afya kwa Wote.",Health
"The sector remains siloed across supply chain, research, regulation, trade, product development, financing, human capital, and health data systems, resulting in persistent vulnerability to import and donor dependency, geopolitical disruptions, and climate-related health threats.","Sekta hii inasalia kuwa chini ya ugavi, utafiti, udhibiti, biashara, ukuzaji wa bidhaa, ufadhili, rasilimali watu, na mifumo ya data ya afya, na kusababisha hatari ya kudumu ya kuagiza na kutegemea wafadhili, usumbufu wa kijiografia, na matishio ya kiafya yanayohusiana na hali ya hewa.",Health
"Key imperatives include strengthening private sector-led Pharmaceutical Value Chain Level 3 manufacturing (final dosage/fill-finish), where a few manufacturers account for most local production, through enhanced government–private sector collaboration to align commercial sustainability with national socio-economic goals.","Masharti muhimu ni pamoja na kuimarisha kiwango cha 3 cha Mnyororo wa Thamani wa Dawa unaoongozwa na sekta binafsi (kipimo cha mwisho/kumaliza kumaliza), ambapo wazalishaji wachache wanachangia uzalishaji mwingi wa ndani, kupitia ushirikiano ulioimarishwa wa serikali na sekta binafsi ili kuoanisha uendelevu wa kibiashara na malengo ya kitaifa ya kijamii na kiuchumi.",Governance
"The strategy also emphasizes commercialization of locally manufactured vaccines through Kenya Biovax, contingent on PPB achieving ML-3 status.","Mkakati huo pia unasisitiza ufanyaji biashara wa chanjo zinazotengenezwa nchini kupitia Kenya Biovax, ikitegemea PPB kupata hadhi ya ML-3.",Health
"Additional priorities include developing underexploited Pharmaceutical Value Chain Level 4 (API production) and Level 5 (R&D), which require advanced technology, specialized skills, and significant investment despite available government incentives.","Vipaumbele vya ziada ni pamoja na kuendeleza Kiwango cha 4 cha Mnyororo wa Thamani ya Dawa (uzalishaji wa API) na Kiwango cha 5 (R&D), ambacho kinahitaji teknolojia ya hali ya juu, ujuzi maalum na uwekezaji mkubwa licha ya motisha zinazopatikana za serikali.",Governance
This further highlights the need for regional API supply-chain collaboration across Africa and calls for a dedicated strategy to strengthen the largely under-prioritized diagnostics and medical devices sector.,Hii inaangazia zaidi hitaji la ushirikiano wa kikanda wa ugavi wa API kote barani Afrika na kutoa wito wa mkakati mahususi wa kuimarisha sekta ya uchunguzi na vifaa vya matibabu ambayo haijapewa kipaumbele kwa kiasi kikubwa.,Health
Pivoting on three (3) strategic pillars i.e.,Kuegemea kwenye nguzo tatu (3) za kimkakati i.e.,Disaster/Health
"It also aims to demystify negative perspectives on LM industry’s unattractiveness for sustainable finance, by prioritizing and navigating complex regulatory environment, technology partnership, and building replicable operational models that meet international compliance standards.","Pia inalenga kufifisha mitazamo hasi kuhusu kutovutia kwa sekta ya LM kwa fedha endelevu, kwa kuweka kipaumbele na kuabiri mazingira changamano ya udhibiti, ushirikiano wa teknolojia, na kujenga miundo ya utendakazi inayoweza kuigwa ambayo inakidhi viwango vya utiifu wa kimataifa.",Disaster/Health
"This will de-risk the LM investment landscape and attract capital needed for infrastructure upgrades and foster private sector-led growth for supply stability, health security, and a future of shared prosperity for Kenya and Africa.","Moja ya dharura ya muda mrefu ya darasa la 2 (Mpox, Clade 1b) na matukio mengine kadhaa ya kipaumbele yanaendelea, ikiwa ni pamoja na milipuko ya surua katika kaunti tatu, mafuriko yaliyoenea kutokana na mvua ndefu za MAM, na shida kubwa ya usalama wa chakula na lishe katika kaunti kame na nusu kame (ASAL).",Health
"One protracted Grade 2 emergency (Mpox, Clade 1b) and several other priority events are ongoing, including measles outbreaks in three counties, widespread flooding from the MAM long rains, and a severe food security and nutrition crisis in arid and semi-arid (ASAL) counties.","Moja ya dharura ya muda mrefu ya darasa la 2 (Mpox, Clade 1b) na matukio mengine kadhaa ya kipaumbele yanaendelea, ikiwa ni pamoja na milipuko ya surua katika kaunti tatu, mafuriko yaliyoenea kutokana na mvua ndefu za MAM, na shida kubwa ya usalama wa chakula na lishe katika kaunti kame na nusu kame (ASAL).",Disaster/Health
Mobile health services in Kenya reduce the risk of stillbirths,Huduma za afya kwa njia ya simu nchini Kenya hupunguza hatari ya watoto kuzaliwa wakiwa wamekufa,Health
Kenya MVD Readiness - DREF Final Report (MDRKE069),Utayari wa MVD ya Kenya - Ripoti ya Mwisho ya DREF (MDRKE069),Disaster/Health
Canada strengthens humanitarian and economic partnerships during Secretary of State Sarai’s visit to Kenya,Kanada inaimarisha ushirikiano wa kibinadamu na kiuchumi wakati wa ziara ya Waziri wa Mambo ya Nje Sarai nchini Kenya,Disaster/Health
"As drought tightens its grip on northern Kenya, a new IPC report confirms the crisis is getting significantly worse","Wakati ukame unavyozidi kushika kasi kaskazini mwa Kenya, ripoti mpya ya IPC inathibitisha kuwa mzozo unazidi kuwa mbaya zaidi.",Disaster/Health
Kenya Population Movement - DREF Final Report (MDRKE067),Mlipuko wa Mafuriko na Kipindupindu Kenya 2025 - Ripoti ya Mwisho ya DREF (MDRKE066),Disaster/Health
Kenya Flood and Cholera Outbreak 2025 - DREF Final Report (MDRKE066),Mlipuko wa Mafuriko na Kipindupindu Kenya 2025 - Ripoti ya Mwisho ya DREF (MDRKE066),Disaster/Health
Urgent: 3.3 Million Kenyans face acute hunger as multi-year drought devastates ASAL counties: Urgent multisectoral action needed to save lives,Haraka: Wakenya Milioni 3.3 wanakabiliwa na njaa kali huku ukame wa miaka mingi ukiharibu kaunti za ASAL: Hatua za haraka za sekta mbalimbali zinahitajika kuokoa maisha,Disaster/Health
Kenya Drought - DREF Final Report (MDRKE065),Ukame wa Kenya - Ripoti ya Mwisho ya DREF (MDRKE065),Disaster/Health
Resettlement in Dadaab enables hundreds of refugee families to access services after years,Makazi mapya katika Dadaab huwezesha mamia ya familia za wakimbizi kupata huduma baada ya miaka mingi,Disaster/Health
Water and land use systems and natural resources management in the multifunctional landscapes of Western Kenya,Mifumo ya matumizi ya maji na ardhi na usimamizi wa maliasili katika mandhari mbalimbali za Magharibi mwa Kenya,Disaster/Health
Noncommunicable diseases and mental health in the WHO African Region progress report 2024,Magonjwa yasiyoambukiza na afya ya akili katika ripoti ya maendeleo ya WHO Kanda ya Afrika 2024,Health
"Kenya, Africa | El Niño Floods 2023-24 - Final Report (MDRKE058)","Kenya, Afrika | Mafuriko ya El Niño 2023-24 - Ripoti ya Mwisho (MDRKE058)",Disaster/Health
MSF: Test and treat approach: How communities lead in malaria treatment,MSF: Mbinu ya kupima na kutibu: Jinsi jamii zinavyoongoza katika matibabu ya malaria,Health
"6 Years on: how a water access project impacted lives in Churo, Kenya","Miaka 6: jinsi mradi wa upatikanaji wa maji ulivyoathiri maisha katika Churo, Kenya",Disaster/Health
Kenya: Polio outbreak - DREF Final Report (MDRKE062),"Ripoti ya Kanda ya 2024: Programu ya Kikanda ya Kuimarisha Hali ya Hewa ya Uwekezaji kwa Uwezeshaji wa Kiuchumi kwa Wakimbizi, Waliorudishwa na Mwenyeji/Wanawake wa Jumuiya ya Kurudi Mashariki na Pembe ya Afrika na Ukanda wa Maziwa Makuu.",Disaster/Health
"Regional Report 2024: Regional Program on Enhancing the Investment Climate for the Economic Empowerment of Refugee, Returnee and Host/Return Community Women in the East and Horn of Africa and Great Lakes Region","Ripoti ya Kanda ya 2024: Programu ya Kikanda ya Kuimarisha Hali ya Hewa ya Uwekezaji kwa Uwezeshaji wa Kiuchumi kwa Wakimbizi, Waliorudishwa na Mwenyeji/Wanawake wa Jumuiya ya Kurudi Mashariki na Pembe ya Afrika na Ukanda wa Maziwa Makuu.",Disaster/Health
Kenya: Baringo Social Unrest - DREF Final Report (MDRKE059),Kenya: Machafuko ya Kijamii ya Baringo - Ripoti ya Mwisho ya DREF (MDRKE059),Disaster/Health
School Health & Nutrition Facility Progress Report 2024 (August-December),Ripoti ya Maendeleo ya Kituo cha Afya na Lishe 2024 (Agosti-Desemba),Health
Kenya Annual Country Report 2024 - Country Strategic Plan 2023 - 2027,Ripoti ya Mwaka ya Nchi ya Kenya 2024 - Mpango Mkakati wa Nchi 2023 - 2027,Disaster/Health
KEN: Epidemic - 02-2025 - Cholera Outbreak field report #3 (2025-03-27),KEN: Janga - 02-2025 - Ripoti ya eneo la Mlipuko wa Kipindupindu #3 (2025-03-27),Disaster/Health
Synthesis report on the co-design of agroecological innovations in the Agroecological Living Landscapes (ALLs) in Kenya,Ripoti ya muhtasari wa muundo-shirikishi wa ubunifu wa ikolojia ya kilimo katika Mandhari Hai ya Kilimo (ALLs) nchini Kenya.,Disaster/Health
Kenya: Cholera Outbreak - DREF Final Report (MDRKE054),Kenya: Mlipuko wa Kipindupindu - Ripoti ya Mwisho ya DREF (MDRKE054),Disaster/Health
Urgent Investment Needed in Climate Adaptation in Northern Kenya,Uwekezaji wa Haraka Unaohitajika katika Kukabiliana na Hali ya Hewa Kaskazini mwa Kenya,Disaster/Health
"“Under One Tree”? Exploring Pastoral, National, and International Approaches to Humanitarian Action: Phase 1 Synthesis Report in the Diverse Perspectives on Humanitarian Action in the Pastoral Drylands Series","“Chini ya Mti Mmoja”? Kuchunguza Mbinu za Kichungaji, Kitaifa na Kimataifa za Utekelezaji wa Kibinadamu: Ripoti ya Awamu ya 1 ya Awamu katika Mitazamo Mbalimbali ya Hatua za Kibinadamu katika Msururu wa Maeneo Kavu ya Kichungaji.",Disaster/Health
IGAD Strengthens Conflict Sensitive Land Use and Management in the Somali/Mandera Cluster,IGAD Yaimarisha Matumizi na Usimamizi Nyeti wa Ardhi katika Migogoro katika Nguzo ya Somalia/Mandera,Disaster/Health
Media Advisory - UNDP Kenya in collaboration with the National Treasury and Planning will host the launch of the Global Human Development Report 2023/2024 - Breaking the Gridlock: Reimagining Cooperation in a Polarized World,Ushauri wa Vyombo vya Habari - UNDP Kenya kwa ushirikiano na Hazina ya Kitaifa na Mipango itakuwa mwenyeji wa uzinduzi wa Ripoti ya Maendeleo ya Binadamu Duniani 2023/2024 - Breaking the Gridlock: Reimagining Cooperation in a Polarized World,Disaster/Health
"IGAD Climate Prediction and Applications Centre (ICPAC) Technical Report on the Ongoing Flood Impact in the IGAD Region (As of April 26th, 2024)",Ripoti ya Kiufundi ya Kituo cha Utabiri wa Hali ya Hewa na Maombi cha IGAD (ICPAC) kuhusu Athari ya Mafuriko inayoendelea katika Mkoa wa IGAD (Kuanzia tarehe 26 Aprili 2024),Disaster/Health
The Bill & Melinda Gates Foundation and European Investment Bank Launch Pilot in Africa to Improve Women Entrepreneurs’ Access to Capital,Wakfu wa Bill & Melinda Gates na Benki ya Uwekezaji ya Ulaya Wazindua Majaribio barani Afrika ili Kuboresha Upatikanaji wa Wajasiriamali Wanawake kwa Mitaji.,Disaster/Health
Kenya Annual Country Report 2023 - Country Strategic Plan 2023 - 2027,Ripoti ya Mwaka ya Nchi ya Kenya 2023 - Mpango Mkakati wa Nchi 2018 - 2023,Disaster/Health
Kenya Annual Country Report 2023 - Country Strategic Plan 2018 - 2023,Ripoti ya Mwaka ya Nchi ya Kenya 2023 - Mpango Mkakati wa Nchi 2018 - 2023,Disaster/Health
"IASC Deputy Chiefs visit Mathare informal settlement in Nairobi, Kenya",Njia ya Kujitegemea kwa Watu Walioathiriwa na Uhamisho: Ripoti ya Muhtasari wa Vikwazo vya Ushirikishwaji wa Kiuchumi na Tathmini ya Soko nchini Kenya na Sudan Kusini.,Disaster/Health
A Path to Self-Reliance for Displacement-Affected People: Summary Report on Economic Inclusion Barriers and Market Assessments in Kenya and South Sudan,Njia ya Kujitegemea kwa Watu Walioathiriwa na Uhamisho: Ripoti ya Muhtasari wa Vikwazo vya Ushirikishwaji wa Kiuchumi na Tathmini ya Soko nchini Kenya na Sudan Kusini.,Disaster/Health
"Migrants’ Right to Health – Legal and Policy Instruments Related to Migrants’ Access to Health Care, Social Protection and Labour in Selected East African Countries","Haki ya Afya ya Wahamiaji - Vyombo vya Kisheria na Sera vinavyohusiana na Upatikanaji wa Wahamiaji kwa Huduma za Afya, Ulinzi wa Jamii na Kazi katika Nchi Zilizochaguliwa za Afrika Mashariki.",Health
Kenya: Floods - DREF Final Report (MDRKE056),Kenya: Mafuriko - Ripoti ya Mwisho ya DREF (MDRKE056),Disaster/Health
Kenya: ICC to encourage domestic accountability efforts despite conclusion of investigation,Kenya: ICC kuhimiza juhudi za uwajibikaji wa ndani licha ya kukamilika kwa uchunguzi,Disaster/Health
The Community Land Act (CLA) 2016 and Pastoralists’ Access to Land for Adaptation,Kurejesha maisha ya utotoni: Upatikanaji wa elimu na ulinzi kwa watoto katika kambi za wakimbizi za Kenya,Disaster/Health
Recovering childhood: Access to education & protection for children in Kenya's refugee camps,Kurejesha maisha ya utotoni: Upatikanaji wa elimu na ulinzi kwa watoto katika kambi za wakimbizi za Kenya,Disaster/Health
Humanitarian crisis deepens as flooding escalates in ASAL Kenya: AHN Call for Collective and Urgent Action,Kipaumbele cha dharura cha msaada wa chakula na malazi katika mafuriko yanayoendelea kaskazini mwa Kenya,Disaster/Health
A ground breaking opportunity to increase access for registration of community groups in Dadaab,Kipaumbele cha dharura cha msaada wa chakula na malazi katika mafuriko yanayoendelea kaskazini mwa Kenya,Disaster/Health
Urgent food and shelter assistance priority in the ongoing flash floods in northern Kenya,Kipaumbele cha dharura cha msaada wa chakula na malazi katika mafuriko yanayoendelea kaskazini mwa Kenya,Disaster/Health
Learning is a Lifeline: Access to Education for Refugee Children in Kenya,Kujifunza ni Njia ya Maisha: Upatikanaji wa Elimu kwa Watoto Wakimbizi nchini Kenya,Education
Kenya and Somalia WASH Response: UMR and Mr. Beast Water Access Project - Final Report,Kenya na Somalia WASH Response: UMR na Bw. Beast Water Access Project - Ripoti ya Mwisho,Disaster/Health
Kenya: Anticipatory Actions On Ebola Virus Disease DREF Final Report (MDRKE052),Kenya: Hatua za Kutarajia Kuhusu Ugonjwa wa Virusi vya Ebola Ripoti ya Mwisho ya DREF (MDRKE052),Health
"Media Advisory: UN Deputy Humanitarian chief to visit Southern, Eastern Africa","Ushauri wa Vyombo vya Habari: Naibu Mkuu wa Umoja wa Mataifa wa Misaada ya Kibinadamu kutembelea Kusini, Afrika Mashariki",Disaster/Health
Study on the Use of ICT in Education and Remote Learning during Crises and the Required Investment in Digital Transformation for African Countries - Country Profile Report Kenya,Utafiti juu ya Matumizi ya ICT katika Elimu na Mafunzo ya Mbali wakati wa Migogoro na Uwekezaji Unaohitajika katika Mabadiliko ya Kidijitali kwa Nchi za Afrika - Ripoti ya Wasifu wa Nchi Kenya,Education
Strong Women Strong World (SWSW): Beyond Access Learning Initiative,Kenya | Mafuriko ya Mto - Ripoti ya Mwaka ya Itifaki ya Hatua ya Mapema (8-09-2023) Operesheni №: MDRKE053,Education
Kenya | Riverine floods - Early Action Protocol Annual Report (8-09-2023) Operation №: MDRKE053,Utafiti kuhusu vikwazo vya kimfumo kuelekea upatikanaji na matumizi ya fedha za makazi nchini Kenya,Disaster/Health
Research on systemic barriers towards access and usage of housing finance in Kenya,Utafiti kuhusu vikwazo vya kimfumo kuelekea upatikanaji na matumizi ya fedha za makazi nchini Kenya,Disaster/Health
MIT researchers release report to CFK Africa on strengthening schools in informal settlements in Kenya,Watafiti wa MIT watoa ripoti kwa CFK Afrika juu ya kuimarisha shule katika makazi yasiyo rasmi nchini Kenya,Education
Amnesty International Kenya condemns the continued use of unlawful force against protestors,Amnesty International Kenya inalaani kuendelea kutumia nguvu kinyume cha sheria dhidi ya waandamanaji,Disaster/Health
"Kenyan Officials Must Protect the Right to Protest, Prevent Sexual Violence Amid Unrest: PHR","Maafisa wa Kenya Lazima Walinde Haki ya Kuandamana, Kuzuia Unyanyasaji wa Kijinsia Huku Machafuko: PHR",Security
Refugees’ Access to Work Permits and Business Licences in Kenya,Upatikanaji wa Wakimbizi wa Vibali vya Kazi na Leseni za Biashara nchini Kenya,Disaster/Health
Impact Case Study: Improving access to emergency surgery in Kenya,Uchunguzi wa Athari: Kuboresha ufikiaji wa upasuaji wa dharura nchini Kenya,Disaster/Health
Conflict-Sensitive Social Protection: Kenya Country Report 2022,Ulinzi wa Jamii Nyeti kwa Migogoro: Ripoti ya Nchi ya Kenya 2022,Disaster/Health
"Keeping Girls in the Picture Campaign: Stories and lessons from Kwale County, Kenya","Kuwaweka Wasichana Katika Kampeni ya Picha: Hadithi na masomo kutoka Kaunti ya Kwale, Kenya",Governance
Kenya Annual Country Report 2022 - Country Strategic Plan 2018 - 2023,Kenya: Hatua za matarajio kuelekea Uchaguzi Mkuu - Operesheni ya DREF - Ripoti ya Mwisho (MDRKE051),Disaster/Health
Partnerships and training helped prevent election violence,Kenya: Hatua za matarajio kuelekea Uchaguzi Mkuu - Operesheni ya DREF - Ripoti ya Mwisho (MDRKE051),Disaster/Health
Kenya: Anticipatory actions towards General Elections - DREF Operation - Final Report (MDRKE051),Kenya: Hatua za matarajio kuelekea Uchaguzi Mkuu - Operesheni ya DREF - Ripoti ya Mwisho (MDRKE051),Governance
Pre-crisis Market Mapping and Analysis Report for Busia County,Ripoti ya Ramani na Uchambuzi wa Soko kabla ya mgogoro wa Kaunti ya Busia,Governance
Pre-crisis Market Mapping and Analysis Report for the Counties of West Pokot and Kitui (Sept - Oct 2021),Ripoti ya Ramani ya Masoko na Uchambuzi wa kabla ya mgogoro kwa Kaunti za Pokot Magharibi na Kitui (Sep - Okt 2021),Disaster/Health
"As drought tightens its grip on Kenya, a motorcycle ambulance is helping women to access critical health care","Huku ukame ukizidi kushika kasi nchini Kenya, ambulensi ya pikipiki inawasaidia wanawake kupata huduma muhimu za afya",Disaster/Health
Motorcycle ambulance helps pregnant women in drought-stricken community to access life-saving maternal health care,Ambulance ya pikipiki huwasaidia wanawake wajawazito katika jamii iliyokumbwa na ukame kupata huduma ya afya ya uzazi ya kuokoa maisha,Health
Use of Data in Anticipatory Risk Management,Matumizi ya Data katika Usimamizi wa Hatari wa Kutarajia,Disaster/Health
Can digital adherence technologies reduce inequity in tuberculosis treatment success? Evidence from a randomised controlled trial,"Je, teknolojia za ufuasi za kidijitali zinaweza kupunguza ukosefu wa usawa katika mafanikio ya matibabu ya kifua kikuu? Ushahidi kutoka kwa jaribio lililodhibitiwa nasibu",Health
Hunger in Kenya/Ethiopia: Malteser International expands aid to prevent conflicts,Njaa nchini Kenya/Ethiopia: Malteser International inapanua misaada ili kuzuia migogoro,Disaster/Health
United Nations and partners call for $472.6 million to respond in 2023 as the drought in Kenya deepens,Umoja wa Mataifa na washirika watoa wito wa dola milioni 472.6 kujibu mwaka wa 2023 huku ukame ukizidi kuongezeka nchini Kenya.,Disaster/Health
Worsening drought in Kenya leads to increase in school dropouts,"Ripoti ya Uchunguzi wa Mazingira NEAT+, Mradi wa Ugavi wa Maji kwa Jamii, Makazi ya Wakimbizi ya Kalobeyei, Kakuma, Kenya",Disaster/Health
"Environmental Screening Report NEAT+, Community Water Supply Project, Kalobeyei Refugee Settlement, Kakuma, Kenya","Ripoti ya Uchunguzi wa Mazingira NEAT+, Mradi wa Ugavi wa Maji kwa Jamii, Makazi ya Wakimbizi ya Kalobeyei, Kakuma, Kenya",Disaster/Health
Rapid Review of Healthy Ageing and Long-term Care Systems in East and Southern Africa: Country Summary Report – Kenya,Mapitio ya Haraka ya Mifumo ya Kuzeeka Kiafya na ya Muda Mrefu katika Afrika Mashariki na Kusini: Ripoti ya Muhtasari wa Nchi - Kenya,Health
Young Kenyans call for urgent action on hunger crisis,Vijana wa Kenya watoa wito wa kuchukuliwa hatua za haraka kukabiliana na baa la njaa,Disaster/Health
Ministry of health issues cholera alert as 61 cases are confirmed,Ministry of health issues cholera alert as 61 cases are confirmed,Disaster/Health
"Slovakia and UNESCO Partnership: Access to clean, affordable Water in Turkana",Ushirikiano wa Slovakia na UNESCO: Upatikanaji wa Maji safi na ya bei nafuu Turkana,Disaster/Health
Preventing electoral violence through early warning and rapid response in Kenya,Kuzuia ghasia za uchaguzi kupitia onyo la mapema na mwitikio wa haraka nchini Kenya,Disaster/Health
Empowering young people to prevent digital gender-based violence in Kenya’s elections,Kuwawezesha vijana kuzuia unyanyasaji wa kijinsia wa kidijitali katika uchaguzi wa Kenya,Security
"Kenya: Anticipatory actions towards General Elections - Operation Update Report - DREF n° MDRKE051, Operation update n° 1","Kenya: Hatua zinazotarajiwa kuelekea Uchaguzi Mkuu - Ripoti ya Usasishaji wa Operesheni - DREF n° MDRKE051, sasisho la operesheni n° 1",Governance
Government of Kenya Must Avoid Repeat of History and Prevent Electoral Violence: PHR,Serikali ya Kenya Lazima Iepuke Kurudiwa kwa Historia na Kuzuia Ghasia za Uchaguzi: PHR,Security
Kenyan Elections - Another Test in the Country’s Democratic Journey,Kufuatilia Athari za Mishtuko kwa Kaya nchini Kenya,Governance
Monitoring Impacts of Shocks on Households in Kenya,Kufuatilia Athari za Mishtuko kwa Kaya nchini Kenya,Disaster/Health
Human Appeal issues red alert for aid to Horn of Africa - Catastrophic famine conditions leading to one death every 48 seconds in Somalia and Kenya,Rufaa ya Kibinadamu yatoa tahadhari nyekundu ya msaada kwa Pembe ya Afrika - Hali mbaya ya njaa na kusababisha kifo cha mtu mmoja kila baada ya sekunde 48 nchini Somalia na Kenya,Disaster/Health
Knowledge Attitude & Practice (KAP) Survey of WASH Services Project in Dadaab Refugee Camps (29/03/2021),Mtazamo wa Maarifa na Mazoezi (KAP) ya Mradi wa Huduma za WASH katika Kambi za Wakimbizi za Dadaab (29/03/2021),Disaster/Health
"Malteser International: ""The need for humanitarian aid has never been greater""","Malteser International: ""Haja ya misaada ya kibinadamu haijawahi kuwa kubwa zaidi""",Disaster/Health
Protection de l'environnement par les femmes dans le nord du Kenya,Protection de l'environnement par les femmes dans le nord du Kenya,Disaster/Health
UPCOMING LAUNCH OF THE FY 2027/28 AND MEDIUM-TERM BUDGET PREPARATION PROCESS THE NATIONAL TREASURY The National Treasury is pleased to announce the official launch of the FY 2027/28 and Medium-Term Budget preparation process.,UZINDUZI UJAO WA MCHAKATO WA MAANDALIZI YA BAJETI YA MWAKA 2027/28 NA WA MUDA WA KATI HAZINA YA TAIFA Hazina ya Taifa inafuraha kutangaza uzinduzi rasmi wa mchakato wa maandalizi ya Bajeti ya Mwaka wa 2027/2028 na Muda wa Kati.,Governance
To introduce the definition of new terms Section 4A (1) insert a new sub-paragraph in paragraph (h)— (ix) credit guarantee companies and agents insert a new paragraph immediately after paragraph (h)— (i) license and supervise credit guarantee companies.,JAMHURI YA KENYA HAZINA YA KITAIFA NA MIPANGO YA UCHUMI SERA YA TAIFA YA USHURI Karatasi ya Kipindi Na.,Disaster/Health
"REPUBLIC OF KENYA THE NATIONAL TREASURY AND ECONOMIC PLANNING NATIONAL TAX POLICY Sessional Paper No. 02 of 2023 ii © Government of the Republic of Kenya, 2023 To obtain copies of the National Tax Policy, please contact: Public Relations Office The National Treasury Treasury Building Harambee Avenue P.",JAMHURI YA KENYA HAZINA YA KITAIFA NA MIPANGO YA UCHUMI SERA YA TAIFA YA USHURI Karatasi ya Kipindi Na.,Governance
"CONTENTS 0 Financial Year 2024/25 Budget THEME: Sustaining Bottom-Up Economic Transformation Agenda, Fiscal Consolidation and investing in Climate Change Mitigation and Adaptation for Improved Livelihoods.","YALIYOMO 0 Mwaka wa Fedha wa 2024/25 MANdhari ya Bajeti: Kudumisha Ajenda ya Mabadiliko ya Kiuchumi ya Chini-juu, Uimarishaji wa Fedha na kuwekeza katika Kukabiliana na Mabadiliko ya Tabianchi na Marekebisho kwa ajili ya Maisha Bora.",Disaster/Health
"MAUDHUI:Kudumisha Ajenda ya Ustawi wa Uchumi Kupitia Mfumo wa Chini Juu, Kuimarisha Matumizi ya Fedha na Kuwekeza Katika Kukabiliana na Adhari za M abadiliko ya Tabianchi ili kuboresha Maisha.",Hazina ya Kitaifa na Mipango ya Kiuchumi P.O.,Disaster/Health
The National Treasury and Economic Planning P.O.,Hazina ya Kitaifa na Mipango ya Kiuchumi P.O.,Governance
"Achievement of this goal requires a sustained annual Gross Domestic Product (GDP) growth rate of 10 percent based on the contribution of six (6) high potential business -oriented priority sectors namely Tourism and Mining, Agriculture, Manufacturing, Wholesale and Retail, Business Process outsourcing and Financial Services.","Mafanikio ya lengo hili yanahitaji ukuaji endelevu wa Pato la Taifa (GDP) kwa mwaka wa asilimia 10 kulingana na mchango wa sekta sita (6) za kipaumbele zenye mwelekeo wa juu wa biashara ambazo ni Utalii na Madini, Kilimo, Uzalishaji, Jumla na Reja reja, Utoaji wa huduma za Mchakato wa Biashara na Huduma za Kifedha.",Disaster/Health
"Micro Small and Medium Enterprises (MSMEs) therefore, play a critical role as key drivers of business and economic growth, employment creation, poverty alleviation, innovation and competitiveness.","Kwa hivyo, Biashara Ndogo Ndogo na za Kati (MSMEs) zina jukumu muhimu kama vichochezi muhimu vya ukuaji wa biashara na uchumi, kuunda ajira, kupunguza umaskini, uvumbuzi na ushindani.",Disaster/Health
THE NATIONAL TREASURY VOTE 1071 EXPENDITURE REQUISITION FORM Requisitioning Officer………………………………………… Department………………………… Signature………………….,HAZINA YA TAIFA KURA 1071 FOMU YA MAHITAJI YA MATUMIZI Afisa Mahitaji ……………………………………………………………………………………………………………………………………………………………………………………………………………………………………,Governance
"I certify that this expenditure is authorised, necessary for official purposes, and within approved budget provisions.","Ili kupata hitimisho lenye sababu nzuri na kutoa mapendekezo kuhusu miswada/madai haya), Kamati inahitajika kuchunguza na kuchanganua hisa iliyopo ya Miswada/madai Yanayosubiri ya Serikali ya Kitaifa (bila kujumuisha bili/dai/dai) kutoka kwa Serikali za Kaunti.",Governance
"In order to come up with well -reasoned conclusions and make recommendations regarding these bills/claim(s), the Committee is required to scrutinize and analyse the existing stock of National Government Pending Bills/claim(s) (excluding any bill(s)/ claim(s ) from County Governments.","Ili kupata hitimisho lenye sababu nzuri na kutoa mapendekezo kuhusu miswada/madai haya), Kamati inahitajika kuchunguza na kuchanganua hisa iliyopo ya Miswada/madai Yanayosubiri ya Serikali ya Kitaifa (bila kujumuisha bili/dai/dai) kutoka kwa Serikali za Kaunti.",Governance
"The National Treasury and Economic Planning has prepared draft Government Investment Regulations, 2024 for consideration by stakeholders.","Hazina ya Kitaifa na Mipango ya Kiuchumi imetayarisha rasimu ya Kanuni za Uwekezaji za Serikali, 2024 kwa ajili ya kuzingatiwa na wadau.",Governance
"CPA JOHN MBADI NG’ONGO, EGH CABINET SECRETARY","CPA JOHN MBADI NG’ONGO, EGH KATIBU WA BARAZA LA MAWAZIRI",Disaster/Health
The approved BROP will subsequently be submitted to Parliament.,"Ili kukamilisha waraka huo, Hazina ya Taifa inatarajiwa kwa masharti ya Sheria ya USM kutafuta maoni kutoka kwa taasisi zilizoorodheshwa katika Sheria ya USM, umma na watu wengine wenye nia au makundi yoyote kama ilivyoainishwa katika vifungu husika vya Sheria hiyo.",Governance
"In order to finalize the document, the National Treasury is expected by the provisions of the PFM Act to seek views from the institutions listed in the PFM Act, the public and any other interested persons or groups as specified in the relevant sections of the Act.","Ili kukamilisha waraka huo, Hazina ya Taifa inatarajiwa kwa masharti ya Sheria ya USM kutafuta maoni kutoka kwa taasisi zilizoorodheshwa katika Sheria ya USM, umma na watu wengine wenye nia au makundi yoyote kama ilivyoainishwa katika vifungu husika vya Sheria hiyo.",Governance
"This is in accordance with Article 201 of the Constitution and Section 35 (2) of the Public Finance Management Act, 2012 which requires public participation on all public finance matters.",Tangazo hili limewekwa kwa habari ya jumla ya umma.,Governance
This advertisement is placed for general public information.,Tangazo hili limewekwa kwa habari ya jumla ya umma.,Disaster/Health
Legislative measures to facilitate funding of County Governments in case the Division of Revenue Bill and the County Allocation of Revenue Bill are not enacted by 30th June so as to prevent cash crisis that could arise and affect delivery of services by County Governments; 2.,Hatua za kisheria za kuwezesha ufadhili wa Serikali za Kaunti iwapo Mswada wa Mswada wa Mgawanyo wa Mapato na Mswada wa Ugavi wa Mapato ya Kaunti hautapitishwa kufikia tarehe 30 Juni ili kuzuia shida ya pesa ambayo inaweza kuibuka na kuathiri utoaji wa huduma na Serikali za Kaunti; 2.,Governance
Legislative and administrative reforms to improve social and economic well-being of all Kenyans taking into account the current debt situation and the need for a sustainable public debt position without putting more burden on Kenyans; 3.,Marekebisho ya sheria na utawala ili kuboresha ustawi wa kijamii na kiuchumi wa Wakenya wote kwa kuzingatia hali ya sasa ya madeni na hitaji la nafasi endelevu ya deni la umma bila kuweka mzigo zaidi kwa Wakenya; 3.,Governance
Global growth is projected at 3.2 percent in 2024 and 3.3 percent in 2025 from 3.3 percent in 2023.,Ukuaji wa kimataifa unakadiriwa kuwa asilimia 3.2 mwaka 2024 na asilimia 3.3 mwaka 2025 kutoka asilimia 3.3 mwaka 2023.,Disaster/Health
"The outlook reflects economic recovery in China, Euro area and UK, despite a slowdown in activity in the USA and Japan.","Mtazamo huo unaonyesha kuimarika kwa uchumi nchini China, eneo la Euro na Uingereza, licha ya kudorora kwa shughuli nchini Marekani na Japan.",Disaster/Health
"In particular, the National Treasury is required to seek views of the following: i.","Hasa, Hazina ya Taifa inatakiwa kutafuta maoni ya yafuatayo: i.",Governance
The Commission on Revenue Allocation; ii.,Tume ya Ugawaji wa Mapato; ii.,Disaster/Health
"Article 227 of the Constitution of Kenya requires that when a state organ or any other public entity contracts for goods or services, it shall do so in accordance with a system that is fair equitable transparent, competitive and cost effective.","Kifungu cha 227 cha Katiba ya Kenya kinataka kwamba wakati chombo cha serikali au shirika lingine lolote la umma likiweka kandarasi za bidhaa au huduma, litafanya hivyo kwa mujibu wa mfumo ambao ni wa usawa wa uwazi, wenye ushindani na wa gharama nafuu.",Disaster/Health
"Section 7(1) of the Public Procurement and Asset Disposal Act 2015, (The Act) states that the National Treasury established under section 11 of the Public Finance Management Act 2012 shall be responsible for Public Procurement and Asset Disposal Policy formulation.","HAZINA YA TAIFA YAANZISHA MAPITO YA UHASIBU WA MSINGI UTAYARISHAJI Hazina ya Kitaifa inafuraha kutangaza kuanza kwa mageuzi kutoka kwa uhasibu wa msingi wa fedha kwenda kwa viwango vya kimataifa vya uhasibu katika sekta ya umma (IPSAS), kuashiria hatua muhimu katika mageuzi ya usimamizi wa fedha za umma.",Governance
"NATIONAL TREASURY INITIATES TRANSITION TO ACCRUAL BASIS ACCOUNTING The National Treasury is pleased to announce the commencement of the transition from cash -basis accounting to the International Public Sector Accounting Standards (IPSAS) accrual basis, marking an important step in public financial management reform.","HAZINA YA TAIFA YAANZISHA MAPITO YA UHASIBU WA MSINGI UTAYARISHAJI Hazina ya Kitaifa inafuraha kutangaza kuanza kwa mageuzi kutoka kwa uhasibu wa msingi wa fedha kwenda kwa viwango vya kimataifa vya uhasibu katika sekta ya umma (IPSAS), kuashiria hatua muhimu katika mageuzi ya usimamizi wa fedha za umma.",Governance
"This transition will affect the National Government, County Governments, and their respective entities, ensuring greater transparency and accountability in financial reporting.","Mpito huu utaathiri Serikali ya Kitaifa, Serikali za Kaunti, na huluki zao, kuhakikisha uwazi na uwajibikaji zaidi katika kuripoti fedha.",Governance
"The Cabinet approved this transition on 7 thMarch,2024 following recommendations from the National Treasury and the Publi c Sector Accounting Standards Board (PSASB).","Baraza la Mawaziri liliidhinisha mabadiliko haya tarehe 7 Machi, 2024 kufuatia mapendekezo kutoka kwa Hazina ya Kitaifa na Bodi ya Viwango vya Uhasibu katika Sekta ya Umma (PSASB).",Governance
"The Virtual Asset Service Providers Bill, 2025 1 THE VIRTUAL ASSET SERVICE PROVIDERS BILL, 2025 ARRANGEMENT OF CLAUSES Clause PART I─PRELIMINARY 1— Short title. 2— Interpretation. 3— Meaning of “virtual asset service provider”. 4— Objects of the Act. 5— Scope of application.",SEHEMU YA II - UTEUZI WA MAMLAKA ZA USIMAMIZI 6- Mamlaka za udhibiti. 7- Kazi za mamlaka husika za udhibiti. 8- Kanuni elekezi za mamlaka husika ya udhibiti.,Disaster/Health
PART II — DESIGNATION OF REGULATORY AUTHORITIES 6— Regulatory authorities. 7— Functions of the relevant regulatory authorities. 8— Guiding principles of the relevant regulatory authority.,SEHEMU YA II - UTEUZI WA MAMLAKA ZA USIMAMIZI 6- Mamlaka za udhibiti. 7- Kazi za mamlaka husika za udhibiti. 8- Kanuni elekezi za mamlaka husika ya udhibiti.,Disaster/Health
"Section 23 (1) of the Wildlife Conservation and Management Act, 2013 (as amended) establishes the Wildlife Conservation Trust Fund.","Kifungu cha 23 (1) cha Sheria ya Uhifadhi na Usimamizi wa Wanyamapori, 2013 (kama ilivyorekebishwa) kinaanzisha Mfuko wa Udhamini wa Uhifadhi wa Wanyamapori.",Disaster/Health
"The Board of the Wildlife Conservation Trust Fund and the National Treasury have now finalized the draft Public Finance Management (Wildlife Conservation Trust Fund) Regulations, 2024.",Bodi ya Mfuko wa Hifadhi ya Wanyamapori na Hazina ya Kitaifa sasa imekamilisha rasimu ya Kanuni za Usimamizi wa Fedha za Umma (Wildlife Conservation Trust Fund) za mwaka 2024.,Governance
"These Regulations may be cited as the Sports, Arts and Social Development Fund (Amendment) Regulations, 2024.","The Government Owned Enterprises Bill, 2024 1 MUSWADA WA USHIRIKA UNAOMILIKIWA NA SERIKALI, 2024 MPANGILIO WA VIFUNGO SEHEMU YA I─AWALI 1—Jina fupi. 2 - Tafsiri. 3 - Malengo ya Sheria hii. 4- Maombi. 5- Wajibu wa Katibu wa Baraza la Mawaziri kwa Hazina ya Kitaifa. 6- Wajibu wa Katibu wa Baraza la Mawaziri husika.",Disaster/Health
"Regulation 1 of the Public Finance Management (Sports, Arts and Social Development Fund) Regulations, 2018 , hereinafter referred to as the “principal Regulations” is amended by deleting the words “Arts and Social Development” appearing immediately after the word “Sports” and substituting therefor the words “and Arts”. 3.","The Government Owned Enterprises Bill, 2024 1 MUSWADA WA USHIRIKA UNAOMILIKIWA NA SERIKALI, 2024 MPANGILIO WA VIFUNGO SEHEMU YA I─AWALI 1—Jina fupi. 2 - Tafsiri. 3 - Malengo ya Sheria hii. 4- Maombi. 5- Wajibu wa Katibu wa Baraza la Mawaziri kwa Hazina ya Kitaifa. 6- Wajibu wa Katibu wa Baraza la Mawaziri husika.",Governance
"The Government Owned Enterprises Bill, 2024 1 THE GOVERNMENT OWNED ENTERPRISES BILL, 2024 ARRANGEMENT OF CLAUSES Clause PART I─PRELIMINARY 1—Short title. 2—Interpretation. 3—Objects of this Act. 4— Application. 5— Role of the Cabinet Secretary for the National Treasury. 6— Role of the relevant Cabinet Secretary.","The Government Owned Enterprises Bill, 2024 1 MUSWADA WA USHIRIKA UNAOMILIKIWA NA SERIKALI, 2024 MPANGILIO WA VIFUNGO SEHEMU YA I─AWALI 1—Jina fupi. 2 - Tafsiri. 3 - Malengo ya Sheria hii. 4- Maombi. 5- Wajibu wa Katibu wa Baraza la Mawaziri kwa Hazina ya Kitaifa. 6- Wajibu wa Katibu wa Baraza la Mawaziri husika.",Governance
PART II—PROCEDURE AND CRITERIA FOR ESTABLISHING A GOVERNMENT OWNED ENTERPRISE 7— Guiding principles for the establishment of Government Owned Enterprises. 8— Procedure for establishment of a Government Owned Enterprise. 9— Attributes of a Government Owned Enterprise.,Sera hiyo inaungwa mkono na kujitolea kwa Serikali kushughulikia changamoto ambazo zimekabili mfumo wa ushuru wa Kenya kwa muda mrefu.,Governance
The Policy is underpinned on the Government’s commitment to address the challenges that have faced the Kenyan tax system for a long time.,Sera hiyo inaungwa mkono na kujitolea kwa Serikali kushughulikia changamoto ambazo zimekabili mfumo wa ushuru wa Kenya kwa muda mrefu.,Governance
As such this National Tax Policy identifies and analyses the challenges of the current tax regime and sets out broad policy guidelines to address these challenges thereby forming a basis for tax reforms and review of existing tax legislation.,Kwa hivyo Sera hii ya Kitaifa ya Ushuru inabainisha na kuchambua changamoto za mfumo wa sasa wa kodi na kuweka miongozo mipana ya sera ili kutatua changamoto hizi na hivyo kutengeneza msingi wa marekebisho ya kodi na mapitio ya sheria zilizopo za kodi.,Governance
"Alternatively, persons may submit written memoranda in hard copies, in the format provided for in the National Treasury website, addressed to the Principal Secretary, National Treasury, P .O.","Vinginevyo, watu wanaweza kuwasilisha memoranda zilizoandikwa katika nakala ngumu, katika muundo uliotolewa katika tovuti ya Hazina ya Kitaifa, iliyotumwa kwa Katibu Mkuu, Hazina ya Kitaifa, P.O.",Governance
